timestamp,current_A,voltage_V,power_W,energy_J
8,-5.9510115534067154e-09,2.008863890254265,-1.5667825937271118e-08,-1.5667825937271117e-10
19,1.0090088471770288e-08,2.0086352806693877,1.6596168279647827e-08,1.6596168279647827e-10
33,-6.105657666921616e-09,2.0087809356818442,-1.5948712825775147e-08,-1.5948712825775148e-10
41,9.750714525580407e-09,2.0086880666481797,1.590549945831299e-08,1.590549945831299e-10
50,-6.199302151799202e-09,2.0086341268239076,-1.6187876462936404e-08,-1.6187876462936404e-10
61,9.612226858735084e-09,2.0088465715025086,1.5585124492645264e-08,1.5585124492645266e-10
71,-6.245262920856476e-09,2.0086374912818896,-1.6258656978607177e-08,-1.6258656978607179e-10
92,9.34782437980175e-09,2.008778610022785,1.5057623386383056e-08,1.5057623386383056e-10
118,-6.408523768186569e-09,2.0087358172703533,-1.6601383686065675e-08,-1.6601383686065676e-10
130,9.558675810694695e-09,2.008646065883897,1.5497952699661257e-08,1.5497952699661258e-10
130,-6.181327626109123e-09,2.0088132789275144,-1.6130506992340088e-08,-1.6130506992340087e-10
130,9.497953578829767e-09,2.0086098114230673,1.5359371900558473e-08,1.5359371900558473e-10
130,-6.286567077040673e-09,2.008770250393916,-1.6375631093978883e-08,-1.6375631093978883e-10
139,9.482353925704957e-09,2.0086914921646937,1.5345215797424317e-08,1.5345215797424316e-10
149,-6.319861859083176e-09,2.0086109415661544,-1.6422569751739503e-08,-1.6422569751739504e-10
158,9.371945634484292e-09,2.008763103743736,1.510828733444214e-08,1.510828733444214e-10
170,-6.439443677663803e-09,2.008649360284582,-1.666322350502014e-08,-1.666322350502014e-10
179,9.178556501865388e-09,2.0087568519064694,1.4696270227432252e-08,1.4696270227432253e-10
189,-6.67152926325798e-09,2.0087358501027337,-1.70975923538208e-08,-1.70975923538208e-10
200,9.124213829636574e-09,2.0086504578602034,1.4621764421463014e-08,1.4621764421463013e-10
210,-6.599770858883858e-09,2.0088321482828353,-1.6947835683822633e-08,-1.6947835683822634e-10
220,8.937623351812363e-09,2.0086439001764638,1.4273077249526979e-08,1.427307724952698e-10
230,-6.6846609115600586e-09,2.0087787555727643,-1.717507839202881e-08,-1.717507839202881e-10
240,8.935527876019478e-09,2.0087267714603807,1.4293938875198365e-08,1.4293938875198365e-10
250,-6.626639515161515e-09,2.0086643990482203,-1.7026066780090333e-08,-1.7026066780090333e-10
260,8.922675624489785e-09,2.008824093443621,1.418590545654297e-08,1.418590545654297e-10
270,-6.468873471021652e-09,2.0086145935592707,-1.6726553440093995e-08,-1.6726553440093995e-10
281,8.834386244416238e-09,2.0088050007572864,1.4028698205947876e-08,1.4028698205947877e-10
291,-6.4702704548835755e-09,2.008713754318189,-1.6710907220840455e-08,-1.6710907220840455e-10
301,8.832244202494622e-09,2.0086583006166387,1.4044344425201416e-08,1.4044344425201418e-10
311,-6.584543734788895e-09,2.008875702878926,-1.6917288303375244e-08,-1.6917288303375245e-10
321,8.862698450684549e-09,2.008665043212008,1.4100223779678345e-08,1.4100223779678345e-10
328,-6.440794095396996e-09,2.0088420096412767,-1.6639381647109987e-08,-1.6639381647109987e-10
339,8.779019117355348e-09,2.0087303573017476,1.3956427574157716e-08,1.3956427574157716e-10
349,-6.635580211877823e-09,2.008694790317351,-1.7014145851135256e-08,-1.7014145851135255e-10
358,8.843373507261276e-09,2.0088521675824187,1.4073401689529419e-08,1.4073401689529419e-10
368,-6.552273407578468e-09,2.00870377324312,-1.6864389181137085e-08,-1.6864389181137087e-10
379,8.808868005871774e-09,2.00881433443618,1.3946741819381715e-08,1.3946741819381716e-10
389,-6.418349221348763e-09,2.00877846786757,-1.6630440950393677e-08,-1.6630440950393677e-10
399,8.746795356273651e-09,2.0086289106012325,1.3818591833114624e-08,1.3818591833114625e-10
409,-6.503704935312272e-09,2.008845577298757,-1.6777217388153078e-08,-1.6777217388153079e-10
419,8.513545617461205e-09,2.008604004894104,1.3414770364761352e-08,1.3414770364761353e-10
429,-6.368756294250488e-09,2.008749127987959,-1.6507506370544435e-08,-1.6507506370544435e-10
439,8.745072409510613e-09,2.008705187441502,1.3822317123413087e-08,1.3822317123413088e-10
450,-6.277021020650864e-09,2.008626286337944,-1.6274303197860717e-08,-1.6274303197860716e-10
459,8.789356797933578e-09,2.0088021793579682,1.3981014490127564e-08,1.3981014490127564e-10
470,-6.217462942004204e-09,2.0086097917879,-1.6180425882339477e-08,-1.6180425882339478e-10
480,8.846120908856392e-09,2.0087755335201045,1.406371593475342e-08,1.4063715934753418e-10
490,-6.131548434495926e-09,2.008701962562045,-1.6011297702789307e-08,-1.6011297702789308e-10
500,8.902139961719513e-09,2.0086583430513274,1.416727900505066e-08,1.416727900505066e-10
510,-6.173690780997277e-09,2.0088508798953146,-1.61096453666687e-08,-1.61096453666687e-10
520,8.839415386319161e-09,2.008590673600044,1.4045089483261108e-08,1.4045089483261108e-10
530,1.7290469259023668e-09,2.0087585358379876,-2.421438694000244e-10,-2.4214386940002444e-12
541,0.0012683637180831283,2.0083312697426883,0.002535878895968199,2.5358788959681992e-05
551,0.04333704069689848,1.9979698585323524,0.0851203195475042,0.000851203195475042
561,0.030799088600883262,2.001228776972089,0.0614092171497643,0.000614092171497643
571,0.01246890138508752,2.005588050774811,0.024928106973320246,0.00024928106973320246
578,0.00459267246122472,2.0076878003607503,0.009218513945490123,9.218513945490124e-05
588,0.004689462002320215,2.0075893980022057,0.009412335737794639,9.412335737794639e-05
598,0.004601558016147465,2.007526780844061,0.00923559157922864,9.235591579228641e-05
608,0.005118181651318446,2.007494455459947,0.010272052508592606,0.00010272052508592607
619,0.004369080517906696,2.0074717268345412,0.008768788196891546,8.768788196891546e-05
629,0.004262415541894734,2.0077076277515387,0.008555676200240852,8.555676200240851e-05
638,0.004158515443373471,2.00766497856332,0.008346892987191677,8.346892987191678e-05
650,0.004054911892209202,2.007641482876288,0.008138838603347541,8.138838603347541e-05
659,0.003955325335590169,2.007803592141392,0.0079396409265697,7.939640926569701e-05
669,0.002164368341024965,2.008085456013633,0.004343379321694374,4.343379321694374e-05
679,0.0025125205465592443,2.0080959737812636,0.005043304023891687,5.043304023891688e-05
689,0.002937372670415789,2.0079407241013834,0.00589642133563757,5.89642133563757e-05
701,0.003109413233911619,2.007798901874432,0.006241157618165016,6.241157618165017e-05
709,0.003185888272803277,2.007974377961364,0.006395399576425553,6.395399576425553e-05
720,0.0032076629872433843,2.007723475494888,0.006438325671106577,6.438325671106577e-05
730,0.0031931944540701807,2.007893691372592,0.006409807944297791,6.409807944297791e-05
740,0.003145532023254782,2.007839536832739,0.006313927119225264,6.313927119225263e-05
752,0.003074574112193659,2.0077693988133687,0.006171270897239447,6.171270897239447e-05
760,0.003017718144832179,2.007960981039237,0.006057748803496361,6.057748803496362e-05
770,0.002949882798595354,2.0078063296978828,0.005920928300917149,5.9209283009171486e-05
780,0.0028996968193445356,2.007991549389111,0.005820811000466347,5.820811000466347e-05
791,0.004604260197235271,2.0074882820309607,0.009240827699005603,9.240827699005604e-05
801,0.005093523788778111,2.007290136911394,0.010222055278718473,0.00010222055278718473
811,0.005054363814461976,2.0074654909369536,0.010144263270497323,0.00010144263270497323
821,0.005037106690416113,2.0073105651883876,0.010108856857568026,0.00010108856857568026
832,0.005022405698522926,2.0074985343329144,0.010080330700427294,0.00010080330700427295
838,0.004998842395702377,2.007412996321963,0.010032508771866561,0.00010032508771866561
848,0.004980629149032757,2.0073181717023254,0.009995544400811195,9.995544400811195e-05
858,0.0049566257670056076,2.007531931476528,0.009948432069271804,9.948432069271804e-05
868,0.004943430613493547,2.0073645684230144,0.009921131999790668,9.921131999790668e-05
879,0.004931599719263613,2.00751786920405,0.009898095244169236,9.898095244169236e-05
889,0.004920118180382997,2.0074982722592543,0.009874957598000765,9.874957598000765e-05
899,0.00491786085520871,2.007398312059231,0.009869927006214857,9.869927006214857e-05
909,0.004910665522329509,2.007574330574274,0.009856437630206346,9.856437630206347e-05
919,0.00490773493880406,2.007315089695854,0.009849194490164519,9.849194490164518e-05
928,0.004900405325880274,2.007518523154268,0.009835526949167252,9.835526949167252e-05
940,0.004907064603967592,2.007466922825575,0.009848410243541003,9.848410243541004e-05
948,0.0048950823077932,2.007391089456622,0.009824163980782032,9.824163980782033e-05
959,0.004895742745744064,2.007548977376847,0.009826269106566907,9.826269106566907e-05
969,0.00489666412062943,2.00737553620548,0.009827362129092217,9.827362129092218e-05
980,0.004899640309577808,2.0075082291207744,0.009833881361037492,9.833881361037493e-05
990,0.0049000933273695415,2.0074391968618146,0.009834363280236721,9.834363280236722e-05
1000,0.004903464611340314,2.007409053714527,0.009841070061922074,9.841070061922074e-05
1010,0.004895620321203023,2.007579365881905,0.009826115991920233,9.826115991920234e-05
1020,0.00490173438419588,2.007394059027359,0.00983742414265871,9.83742414265871e-05
1030,0.004893264513416216,2.0075698133521716,0.009821442531049253,9.821442531049253e-05
1040,0.004903357831854373,2.0075113653587646,0.009841306314617396,9.841306314617395e-05
1050,0.004897789617767558,2.007420156450663,0.009829595093429089,9.82959509342909e-05
1060,0.004904374411422759,2.007582100272924,0.009843794856220485,9.843794856220485e-05
1071,0.0048978823675308375,2.007342291760631,0.009829519774764777,9.829519774764777e-05
1081,0.004895536592649296,2.0075253176683097,0.009825741898268462,9.825741898268462e-05
1088,0.004899653992475942,2.00745153315966,0.009833672763407231,9.833672763407231e-05
1098,0.004895784308481962,2.0073536077825818,0.009825440204888583,9.825440204888583e-05
1108,0.004892518042167649,2.007504431556305,0.009819514402747155,9.819514402747155e-05
1118,0.004525648820400238,2.0074473915756683,0.009082390304654837,9.082390304654837e-05
1129,0.004234507993003353,2.007677829772653,0.008499051197618247,8.499051197618248e-05
1138,0.003934189145080745,2.0076761304753834,0.00789617334380746,7.896173343807459e-05
1150,0.004241162600088865,2.007557369357115,0.00851201835051179,8.512018350511789e-05
1159,0.003926131762657315,2.0077940360419917,0.007880450186878444,7.880450186878445e-05
1168,0.003987581682018936,2.0075886448909066,0.008003165739029646,8.003165739029646e-05
1179,0.004206871306616813,2.0077351103876717,0.008443889193981886,8.443889193981886e-05
1190,0.003953388714557513,2.007723474551365,0.007934931252151728,7.934931252151728e-05
1201,0.00396949349869974,2.007615257998137,0.007966981815546751,7.966981815546751e-05
1209,0.004193335338821635,2.0076913756512105,0.008416330727934837,8.416330727934837e-05
1219,0.003936377867218107,2.0075759478538298,0.007900067218393089,7.900067218393088e-05
1230,0.004219698747992516,2.0076803440831137,0.008469473158568145,8.469473158568145e-05
1240,0.0039756063761189585,2.00765498865773,0.007979266734421253,7.979266734421254e-05
1251,0.003924544747499749,2.007647370073805,0.007876624061912299,7.876624061912299e-05
1260,0.004236012808280066,2.007736221422721,0.008502422336488962,8.502422336488963e-05
1270,0.0039176563042681665,2.0076407915556804,0.00786285288631916,7.862852886319161e-05
1280,0.0039232381949201225,2.0077756692988333,0.007874259854853153,7.874259854853154e-05
1290,0.004272628385340795,2.0075907459888143,0.00857531677633524,8.575316776335241e-05
1301,0.00395077844359912,2.007664516735263,0.007929487964510918,7.929487964510918e-05
1311,0.0038907553111203015,2.0078386031767352,0.007809607299417258,7.809607299417259e-05
1321,0.004293383552040905,2.0075235302611256,0.008616756271570922,8.616756271570922e-05
1331,0.003931642268178985,2.007801767506218,0.007891678083688021,7.891678083688021e-05
1342,0.004191290944488719,2.007647375713149,0.008412216214090586,8.412216214090586e-05
1348,0.003974904924072325,2.0076927649877034,0.007978034550696612,7.978034550696612e-05
1359,0.003986085485015065,2.0078819850405214,0.008001202462613584,8.001202462613584e-05
1368,0.004204385136719793,2.0075778473164423,0.008438059908151626,8.438059908151626e-05
1378,0.003909168652491644,2.007811848225305,0.007846441723406315,7.846441723406315e-05
1389,0.003976883250335231,2.0077116727033166,0.007981805021315814,7.981805021315814e-05
1398,0.004188867273414508,2.007621857239306,0.008407019802182914,8.407019802182914e-05
1410,0.003935873802285642,2.007841378391348,0.007900112593173981,7.900112593173982e-05
1419,0.004188708131713793,2.0075736422137824,0.008406837467104198,8.406837467104198e-05
1429,0.004006446858495474,2.0078020038947,0.008041589982807637,8.041589982807637e-05
1440,0.003915634321141988,2.007721518040635,0.00785902885273099,7.85902885273099e-05
1449,0.0042691628525033595,2.0075916629399173,0.008568235219269991,8.568235219269991e-05
1460,0.003929551924858243,2.0078345502196346,0.007887524268031122,7.887524268031122e-05
1470,0.003920412435987964,2.0076339180126785,0.00786815348342061,7.86815348342061e-05
1480,0.004255263994401321,2.0077290947116446,0.008541026378422975,8.541026378422975e-05
1490,0.003967339286161587,2.0077030862185175,0.007962894725799561,7.962894725799561e-05
1500,0.0038805798559449615,2.007666334227612,0.007788329134881497,7.788329134881497e-05
1510,0.004225570022780448,2.0077870209154676,0.008481790153682233,8.481790153682234e-05
1520,0.003952856790320948,2.0075960160273127,0.007933181811124087,7.933181811124088e-05
1530,0.004136743884300813,2.0077916925354398,0.008303325863927603,8.303325863927604e-05
1541,0.004019946586806327,2.00766450170083,0.00806827871799469,8.06827871799469e-05
1550,0.0039465145444963125,2.007639082397055,0.00792090385183692,7.92090385183692e-05
1561,0.004230959713459015,2.0077348178700545,0.008492169511318207,8.492169511318207e-05
1571,0.00391585143157281,2.0076065316447522,0.007858733008801938,7.858733008801938e-05
1581,0.003987714146310464,2.007751307836827,0.008004030692577362,8.004030692577363e-05
1591,0.0041921290942933415,2.00764770866083,0.00841392634138465,8.41392634138465e-05
1600,0.0039464771347586065,2.0076569426999895,0.007920769811421632,7.920769811421633e-05
1609,0.004137178533244878,2.0078243303111756,0.008304197604209185,8.304197604209186e-05
1618,0.00403533654846251,2.007618352292385,0.008098907974362374,8.098907974362375e-05
1628,0.003913146737823263,2.0078297577808146,0.00785428533628583,7.85428533628583e-05
1638,0.00422902895770967,2.007639824254718,0.00848800985813141,8.488009858131409e-05
1648,0.003922715212358162,2.0076920090444386,0.007872890604287386,7.872890604287386e-05
1660,0.003933925561886281,2.007866556503996,0.007896183128654958,7.896183128654957e-05
1669,0.004239488791115582,2.0075866267201956,0.008508591646701098,8.508591646701098e-05
1679,0.003929696990735829,2.007860075437697,0.007887713274359703,7.887713274359702e-05
1689,0.0039200103181414305,2.0076889514659997,0.007867599885165692,7.867599885165692e-05
1699,0.004242469264054671,2.007621964380285,0.008514825155586004,8.514825155586005e-05
1709,0.003969230475928635,2.007880468786648,0.00796736224964261,7.96736224964261e-05
1719,0.004095646500121802,2.007628808407532,0.008220005998015404,8.220005998015404e-05
1730,0.004064364420529455,2.0077420675755477,0.008157901982963086,8.157901982963087e-05
1740,0.00394605001010932,2.0076783334245905,0.00792003741711378,7.920037417113781e-05
1750,0.0041898165536113086,2.007594811981963,0.008408570832014085,8.408570832014085e-05
1760,0.003938985425932333,2.0078414344439284,0.007906003980338574,7.906003980338574e-05
1770,0.003961642978712917,2.0076485567301514,0.007951259804517032,7.951259804517032e-05
1780,0.004191824269481004,2.007741833334183,0.008413516759872437,8.413516759872437e-05
1790,0.003930515603302047,2.007697656373959,0.007888824835419654,7.888824835419655e-05
1801,0.004108671700628475,2.0076430470413995,0.00824621652290225,8.24621652290225e-05
1811,0.004060023023048416,2.0077824400506916,0.008148882683366537,8.148882683366537e-05
1821,0.0039333104569464926,2.0076272026753985,0.00789413719624281,7.894137196242809e-05
1831,0.004260878719575704,2.007764072329551,0.008552543153613807,8.552543153613807e-05
1841,0.003939929704600945,2.0077074911947363,0.007907739384472371,7.907739384472371e-05
1852,0.003897362908674404,2.007709210618818,0.007822205933183432,7.822205933183432e-05
1859,0.004289701459743083,2.007745732377283,0.008610271161794664,8.610271161794664e-05
1868,0.003921256177220494,2.00767458455218,0.007870312327891588,7.870312327891588e-05
1878,0.0039134234424214815,2.0078687375319193,0.007855312995612622,7.855312995612621e-05
1888,0.004235345181263984,2.0077530699486843,0.00850103734433651,8.50103734433651e-05
1898,0.00393886154089123,2.007735665360885,0.007905740424990655,7.905740424990655e-05
1910,0.004050533315772191,2.0077791936837137,0.008129958137869835,8.129958137869835e-05
1919,0.004087823289353401,2.0075872484111694,0.008204224437475205,8.204224437475205e-05
1928,0.0039635310985613615,2.0078143291758375,0.007955669565498829,7.95566956549883e-05
1939,0.00418933212175034,2.0076418126390316,0.008408105693757535,8.408105693757535e-05
1949,0.003945697269076481,2.0076511734548026,0.007919114458560944,7.919114458560944e-05
1961,0.0039872481408528984,2.007779207883636,0.008002970650047065,8.002970650047065e-05
1969,0.004183294593077153,2.0075686128436123,0.008395603258162737,8.395603258162737e-05
1979,0.0039163048921618615,2.007822491403157,0.007860727413743735,7.860727413743735e-05
1990,0.0040960782787762585,2.007659883849649,0.008221120133250952,8.221120133250952e-05
2000,0.004094870395120234,2.007635375334509,0.00821862778365612,8.21862778365612e-05
2011,0.003934663914050907,2.007805020876322,0.00789756282195449,7.897562821954489e-05
2020,0.004215824800822884,2.0075968329562808,0.008461323326081039,8.461323326081039e-05
2030,0.003935712373675779,2.007867175674392,0.007899748554825782,7.899748554825783e-05
2040,0.0039093097329605375,2.0077325296236204,0.007846425320953131,7.846425320953132e-05
2050,0.004244211537204683,2.00764113016231,0.008518530274927617,8.518530274927617e-05
2061,0.003954795335559175,2.0077967159875203,0.007938116114586592,7.938116114586593e-05
2071,0.003909081855462865,2.007639992410643,0.007845444542169571,7.845444542169572e-05
2080,0.004244543335819617,2.007714449557662,0.00851925133317709,8.519251333177091e-05
2091,0.003948118359828368,2.007712619060092,0.007924099434912206,7.924099434912206e-05
2101,0.004028291257983074,2.0076824016172905,0.008084990223497153,8.084990223497153e-05
2111,0.004109598851297051,2.0078162967130075,0.008248519525676967,8.248519525676966e-05
2118,0.003964482133323327,2.007668265899224,0.007957017692178488,7.957017692178488e-05
2128,0.004195050973631442,2.0078308880746367,0.008420380053669215,8.420380053669215e-05
2138,0.0039312397511210295,2.007748563267896,0.007890323969721795,7.890323969721795e-05
2148,0.003927970795147121,2.0077278667948675,0.007883872358500958,7.883872358500958e-05
2158,0.004219122175266966,2.007773879025923,0.008468609287589789,8.468609287589789e-05
2168,0.003908909513661638,2.007627118447656,0.007845284900814296,7.845284900814296e-05
2179,0.0040484237248543655,2.00779319313122,0.008126091025024653,8.126091025024653e-05
2189,0.004130345940450207,2.007651741512539,0.008289721448719502,8.289721448719503e-05
2198,0.003929710105061531,2.007700946647767,0.007887037651240826,7.887037651240827e-05
2209,0.004251485077338293,2.007717179117026,0.008533448240906,8.533448240906001e-05
2219,0.003908327300148085,2.007599916579109,0.007843828887492419,7.84382888749242e-05
2229,0.003926925020897761,2.0078174075466584,0.007882058313488961,7.882058313488961e-05
2240,0.004256061344081536,2.0076542583554517,0.008542194771766662,8.542194771766663e-05
2250,0.003934032827196643,2.007683947308455,0.007895663404464723,7.895663404464722e-05
2260,0.00391674393536523,2.0078769770951013,0.007861761994659901,7.861761994659902e-05
2270,0.004225137772597373,2.007569700355269,0.00847970848158002,8.47970848158002e-05
2280,0.0039149790974333885,2.0078582616043743,0.007858416627347469,7.858416627347469e-05
2290,0.004012867435626686,2.0077075262494852,0.008054260499030352,8.054260499030353e-05
2301,0.0041443558752536774,2.007637377686566,0.00831781095340848,8.317810953408481e-05
2310,0.003978755517024547,2.007729367729649,0.007985970886051656,7.985970886051656e-05
2321,0.004187971855327487,2.007506978537468,0.008404967290908099,8.404967290908099e-05
2331,0.003962205810891464,2.007787451675721,0.00795294206738472,7.95294206738472e-05
2341,0.003942236268986017,2.007703233913798,0.007912280993908644,7.912280993908644e-05
2350,0.0041871041391510514,2.007640621661954,0.008403747309744358,8.403747309744358e-05
2361,0.003952221060777084,2.007741466792766,0.007932300232350826,7.932300232350826e-05
2368,0.004006498784944415,2.0076033741699533,0.008041126300394535,8.041126300394535e-05
2378,0.004171875321585685,2.0077461794918405,0.008373451340943576,8.373451340943576e-05
2388,0.0039028432276565586,2.0076621599853506,0.007833310411125421,7.833310411125421e-05
2398,0.004254340886790306,2.0076054496538824,0.008538623034209013,8.538623034209013e-05
2410,0.003896667246706784,2.0078420787995217,0.007821245776116849,7.821245776116849e-05
2418,0.003926665790751576,2.0076661442421377,0.007881071217358112,7.881071217358112e-05
2429,0.004252642871998251,2.0077558786789886,0.008535944237560034,8.535944237560035e-05
2439,0.003935249598463997,2.007717485990096,0.007898276488482953,7.898276488482953e-05
2449,0.003894241105532274,2.0076927859977354,0.007816198005527259,7.816198005527259e-05
2460,0.004267954337643459,2.0077340876766017,0.008566597360372543,8.566597360372543e-05
2469,0.003932034250581637,2.0076154655720106,0.007891454258561135,7.891454258561135e-05
2479,0.003961887866305187,2.0078278509006835,0.007952232770621777,7.952232770621777e-05
2490,0.004183806045074016,2.0076459272494076,0.008397189503163099,8.397189503163099e-05
2500,0.003981779544055462,2.0077279102469796,0.007992027995735408,7.992027995735409e-05
2511,0.004198789711110294,2.007812130310433,0.008427965170145036,8.427965170145036e-05
2520,0.0038950226459186525,2.0076777214420027,0.007817552554607391,7.817552554607392e-05
2530,0.003957034505112097,2.007816454884829,0.007942413767427206,7.942413767427207e-05
2540,0.004193880039686337,2.007691099536885,0.008417663577198982,8.417663577198982e-05
2550,0.003946897617634386,2.007701104691392,0.007921333023160696,7.921333023160697e-05
2560,0.003974045348027721,2.0078805720510893,0.00797697094604373,7.97697094604373e-05
2571,0.004202168150199578,2.007582554375613,0.008433745416998864,8.433745416998863e-05
2580,0.003908816321380437,2.0078464925411623,0.007845789252966643,7.845789252966644e-05
2591,0.004270031312434003,2.007615900339652,0.00857010172829032,8.57010172829032e-05
2601,0.003916245166538284,2.007738722451823,0.007860136061906815,7.860136061906815e-05
2611,0.003926112033426762,2.0078569124599452,0.00788043495863676,7.880434958636761e-05
2621,0.0042567886259872465,2.0075489064323717,0.008543297406286001,8.543297406286001e-05
2628,0.003937622423423454,2.007781892954931,0.007903369205445052,7.903369205445052e-05
2638,0.0038830174126196653,2.0076713933946566,0.00779342344403267,7.79342344403267e-05
2648,0.004229094354063273,2.0076180451130963,0.008488028908520937,8.488028908520937e-05
2658,0.003939147066883743,2.007836531699682,0.007906576831638814,7.906576831638813e-05
2670,0.003924337172228843,2.007645175834745,0.007876162960380316,7.876162960380316e-05
2679,0.004225700592808425,2.0077414936294313,0.008481495221704246,8.481495221704246e-05
2688,0.003934871367970482,2.007718739337707,0.007897554490715266,7.897554490715267e-05
2699,0.0042177502375096085,2.00762394298031,0.00846512332111597,8.465123321115971e-05
2709,0.0039226590225938706,2.007753065380268,0.00787320380806923,7.87320380806923e-05
2721,0.003964077215269208,2.0075710444941652,0.007955501318722963,7.955501318722964e-05
2730,0.0041903925744351,2.007760601007892,0.008410690899938345,8.410690899938345e-05
2740,0.003941733894357458,2.0077580066926313,0.007911641828715801,7.911641828715801e-05
2750,0.003958072244375944,2.007754375391314,0.007944391483068466,7.944391483068465e-05
2760,0.004211804019007832,2.0077786691670307,0.008453992209583521,8.453992209583522e-05
2770,0.003900890828855336,2.007664101624303,0.007829383667558433,7.829383667558433e-05
2780,0.004202733069751412,2.007758650458511,0.00843571921363473,8.43571921363473e-05
2790,0.003947690627304838,2.007682714459486,0.007923114044964314,7.923114044964314e-05
2800,0.00393801561887376,2.007721825202834,0.007903891323506832,7.903891323506832e-05
2810,0.004246096888836474,2.0077851932998283,0.00852285550236702,8.52285550236702e-05
2820,0.003910128601128235,2.0076591997164304,0.007847682090103626,7.847682090103626e-05
2830,0.003920898202061653,2.0078483970939183,0.007869961809366941,7.869961809366941e-05
2841,0.0042393238330725586,2.007664827333018,0.008508739306777716,8.508739306777716e-05
2851,0.003958114325301722,2.0077134718643035,0.007944499671459198,7.944499671459199e-05
2861,0.003891231463151053,2.0078770396071954,0.007810630702227354,7.810630702227354e-05
2871,0.00426648916983977,2.007576428565523,0.008562842582166195,8.562842582166195e-05
2878,0.003936361940251663,2.007875123065291,0.007900855503231287,7.900855503231286e-05
2888,0.00419204206042923,2.0076535803190434,0.008413709127902985,8.413709127902985e-05
2898,0.00393386836014688,2.0077452813423706,0.007895227383077146,7.895227383077147e-05
2908,0.00394439234379679,2.007896518159658,0.007917481505125761,7.917481505125762e-05
2920,0.004183431814238429,2.0076218383713162,0.008396169754117729,8.396169754117729e-05
2928,0.003937436418281868,2.0078958207208664,0.007903085348755121,7.903085348755122e-05
2938,0.0039557792685460304,2.0077496313641316,0.007939338114112616,7.939338114112616e-05
2949,0.004183896661642939,2.007716977412952,0.008397650485485792,8.397650485485792e-05
2959,0.003934113752981648,2.0078790950647556,0.007896671119332314,7.896671119332315e-05
2969,0.004187584758456797,2.0076430729329586,0.008404810986667871,8.404810986667871e-05
2979,0.0039874729093164205,2.0078355705826545,0.008003620046377183,8.003620046377183e-05
2989,0.003898223006958142,2.007724129185593,0.007823910710960627,7.823910710960627e-05
3000,0.004287048262590543,2.0076313598608135,0.00860445013344288,8.60445013344288e-05
3010,0.003902872294886038,2.0078583162423222,0.007833908634632826,7.833908634632826e-05
3020,0.003917600044701249,2.0076780743744225,0.007862503685057164,7.862503685057164e-05
3030,0.004234269115282223,2.007764729119558,0.008498847027122974,8.498847027122975e-05
3040,0.0039249300838448105,2.0076990205013194,0.007877343732863666,7.877343732863666e-05
3050,0.0038549619296099993,2.007746005988121,0.007737238548696041,7.737238548696042e-05
3060,0.0025113516659941524,2.008150994545734,0.005040522181242704,5.0405221812427044e-05
3071,0.002483756240271032,2.007997528900439,0.004985162397474051,4.985162397474051e-05
3081,0.002458047286979854,2.008223649022076,0.004933941680192948,4.933941680192948e-05
3091,0.0024482414446771144,2.008161931987247,0.00491458061337471,4.914580613374711e-05
3100,0.002448406662000343,2.0081147484092043,0.004914842537790537,4.914842537790537e-05
3111,0.0024531145160086453,2.008233413936058,0.004924609676003456,4.9246096760034564e-05
3121,0.0024454808679874986,2.008016216607578,0.0049086485199630265,4.908648519963027e-05
3131,0.0024480416869278997,2.0082692281370518,0.004914286413043738,4.914286413043738e-05
3138,0.0024437961864750835,2.008099649537541,0.004905425611883402,4.905425611883402e-05
3148,0.0024381527753081175,2.0080714564089663,0.004894052306562663,4.894052306562663e-05
3158,0.002434309236612171,2.0082025761163327,0.004886591570079327,4.886591570079327e-05
3170,0.002442250955151394,2.0080065189748537,0.004902497275173665,4.902497275173665e-05
3179,0.002564243654254824,2.008167254116107,0.005147828917205334,5.1478289172053345e-05
3189,0.0025932876809034496,2.0079900470348075,0.00520554522946477,5.20554522946477e-05
3198,0.002588035971019417,2.0080189093671272,0.005194939287006855,5.194939287006855e-05
3209,0.0025791544012259693,2.0081301763720814,0.005177447553724051,5.177447553724051e-05
3221,0.004493660411378369,2.0074848841629924,0.009018706255406142,9.018706255406143e-05
3229,0.0049040177187416704,2.0076233233239966,0.009843273451924324,9.843273451924325e-05
3239,0.004906832940177993,2.007450547925802,0.009848064935207368,9.848064935207369e-05
3249,0.004923498818650842,2.00747282966529,0.009881661216169596,9.881661216169597e-05
3260,0.0049668349401094025,2.007567738029221,0.009969120598584414,9.969120598584415e-05
3270,0.0049131543421186506,2.0074372779536995,0.009860683765262366,9.860683765262367e-05
3280,0.0049167423502542084,2.0075962739776823,0.009868540632724762,9.868540632724761e-05
3290,0.0049703637572936716,2.0074661701461767,0.009975507248938083,9.975507248938084e-05
3300,0.004920418057590723,2.007434429799998,0.009875114633888007,9.875114633888008e-05
3310,0.004917111305613071,2.007531404744787,0.009869131718575955,9.869131718575956e-05
3320,0.004964178952807561,2.007328353961231,0.009962521387636663,9.962521387636663e-05
3330,0.004913178567029536,2.0075620368120726,0.009861341048777103,9.861341048777104e-05
3340,0.0049236169375013565,2.007411156946467,0.0098814737662673,9.8814737662673e-05
3350,0.004969087401870638,2.0074240908787586,0.009972917737811804,9.972917737811805e-05
3361,0.004915297568356619,2.007580969836703,0.009865660861879587,9.865660861879588e-05
3371,0.004917558038095012,2.007416685400438,0.00986934620961547,9.86934620961547e-05
3381,0.004967673338251189,2.0075854836998044,0.009970724134892226,9.970724134892226e-05
3387,0.004922346557723358,2.0074422143133357,0.009879140029847622,9.879140029847622e-05
3398,0.004912029975838959,2.007528439174965,0.009858783762902022,9.858783762902022e-05
3408,0.004964926510956138,2.0075616485415027,0.009965208569914103,9.965208569914104e-05
3420,0.004922599799511955,2.0074185409872793,0.009879447966814042,9.879447966814042e-05
3429,0.0049149046850390735,2.0076068619496654,0.009865066046267749,9.86506604626775e-05
3439,0.0049679448809474705,2.007458294600435,0.009970822362601758,9.970822362601758e-05
3449,0.004921539535652847,2.0074535149544013,0.0098775027140975,9.8775027140975e-05
3458,0.00491254077302292,2.0075671493684872,0.009860061141103507,9.860061141103508e-05
3469,0.004965915808780119,2.0073759677469734,0.009966334044188261,9.966334044188261e-05
3479,0.004918841662444174,2.0075767792857717,0.009872719747573137,9.872719747573137e-05
3489,0.0049199006673414265,2.007419473921182,0.009874041313678026,9.874041313678026e-05
3500,0.004961450634850189,2.007424251279887,0.009957440808415414,9.957440808415415e-05
3510,0.004920001751836389,2.007494863532856,0.00987467299476266,9.87467299476266e-05
3520,0.004919831921579317,2.0073501378609335,0.009873524455726148,9.873524455726148e-05
3530,0.00496154000852257,2.0075789924726357,0.00995857247337699,9.95857247337699e-05
3540,0.004916794700687751,2.0074641480860302,0.009868175417929888,9.868175417929889e-05
3550,0.00492317423815839,2.007460350749316,0.00988092441931367,9.88092441931367e-05
3560,0.004960617793863639,2.0075093052864075,0.009956287087500095,9.956287087500096e-05
3570,0.004915455646859482,2.0073349705616477,0.009864811508357526,9.864811508357526e-05
3580,0.004923037370992825,2.0075414365239443,0.009880853351205587,9.880853351205587e-05
3590,0.00451654894608073,2.00753586125765,0.00906476326212287,9.06476326212287e-05
3601,0.005101970961643383,2.007357441720227,0.010239253484457731,0.00010239253484457731
3611,0.005109172271378339,2.007482041805098,0.010254230140149595,0.00010254230140149595
3620,0.0050862323623616255,2.00730473801801,0.010207317505776883,0.00010207317505776883
3631,0.00512641717302613,2.0074995751502924,0.01028903994858265,0.0001028903994858265
3641,0.005094088263297453,2.007387575615663,0.010223475017398596,0.00010223475017398596
3648,0.005111549057206139,2.0073631315409206,0.010258430126309396,0.00010258430126309396
3657,0.005097697715414688,2.007469666912174,0.01023125101774931,0.0001023125101774931
3668,0.005116281567560509,2.0073052234911826,0.010267749632894993,0.00010267749632894994
3678,0.005094074792601168,2.00752933864994,0.010224304191768169,0.00010224304191768169
3689,0.005097302444186062,2.0073776474439073,0.01023001778125763,0.00010230017781257631
3698,0.0051001514144707475,2.007388577042567,0.01023575151115656,0.0001023575151115656
3709,0.005111281548300759,2.0075198403699326,0.010258794044703246,0.00010258794044703246
3721,0.00509354446749203,2.0073605385792908,0.010222315128892661,0.00010222315128892662
3729,0.005097117231879384,2.007530664170161,0.010230330257862807,0.00010230330257862807
3739,0.005082731654727832,2.0073816475789528,0.010200687488168478,0.00010200687488168478
3748,0.005090104124695063,2.007410911680153,0.010215809919685126,0.00010215809919685126
3758,0.005102581409271807,2.00751732527921,0.010241281235218048,0.00010241281235218049
3771,0.005115045257285238,2.007365469263727,0.01026552864164114,0.0001026552864164114
3780,0.005110983093641699,2.007569661579188,0.0102584292948246,0.000102584292948246
3790,0.005085646846797317,2.007453451458691,0.010207005455344916,0.00010207005455344916
3800,0.005050189868966118,2.007421458511101,0.01013570577427745,0.0001013570577427745
3810,0.00503555598561652,2.0075513391020707,0.010107034862786532,0.00010107034862786533
3820,0.005040711242798716,2.0073473609833514,0.0101162162438035,0.000101162162438035
3830,0.005048955081449822,2.0075580352727327,0.010133914184570313,0.00010133914184570314
3840,0.005068360812962055,2.0073958448109686,0.010171942964196205,0.00010171942964196206
3850,0.00505181291718036,2.007424071443267,0.010138914060592651,0.00010138914060592652
3861,0.005071221969462932,2.007529066894716,0.01017842874005437,0.0001017842874005437
3871,0.005050948563823477,2.00733202544963,0.010136672577261925,0.00010136672577261925
3881,0.005050468453438953,2.0075594613472,0.01013682307600975,0.00010136823076009751
3891,0.005046906799310818,2.007435929734586,0.01012912821173668,0.0001012912821173668
3901,0.005070286425109953,2.0074577130493707,0.010176188645511865,0.00010176188645511865
3908,0.005059050153475255,2.0075553058206106,0.010154015816003085,0.00010154015816003086
3918,0.0050612964352592825,2.0073954527573195,0.010157809060811996,0.00010157809060811996
3928,0.005016807382926345,2.0076024320681114,0.010069533629715443,0.00010069533629715444
3939,0.005052236812701449,2.0074519638666883,0.0101397956058383,0.00010139795605838299
3948,0.005056252774130553,2.0075099352242427,0.010148235125094652,0.00010148235125094652
3958,0.004797315330477432,2.007641555275256,0.009628986681252718,9.628986681252719e-05
3969,0.034524660166492686,2.0001227227700875,0.06885216677114368,0.0006885216677114368
3980,0.022342049324139954,2.003371269343095,0.04465934919044376,0.0004465934919044376
3989,0.003669856772432104,2.0077659122197424,0.007362868286669255,7.362868286669255e-05
3998,0.003608977112080902,2.0077667377717794,0.007239925642311573,7.239925642311573e-05
4009,0.003605616952525452,2.0078595725347754,0.007227431654185057,7.227431654185057e-05
4018,0.0035697578202933075,2.0076610882231503,0.007150399029254914,7.150399029254913e-05
4030,0.003525639187078923,2.0078575093006252,0.007063812202215195,7.063812202215196e-05
4040,0.0035705514591652904,2.007726320913248,0.007153143744915724,7.153143744915725e-05
4050,0.003525334503874183,2.0077959611485245,0.007063303761184216,7.063303761184216e-05
4060,0.005978159652883187,2.007218374708155,0.011948396497219802,0.00011948396497219802
4070,0.00828204279425554,2.006540447732853,0.016530414260923863,0.00016530414260923864
4082,0.006495208790292964,2.007219183089538,0.012975618216395379,0.00012975618216395378
4090,0.006940556361991913,2.006947750652116,0.013859005440026523,0.00013859005440026523
4101,0.006060748134041206,2.0071723478113768,0.012109107427299023,0.00012109107427299023
4110,0.006874252977361903,2.0070874024979304,0.01372831337079406,0.0001372831337079406
4121,0.006005704448837787,2.0071432516204193,0.011997428035736085,0.00011997428035736085
4130,0.00685861846045591,2.007152705752384,0.013697101832181216,0.00013697101832181217
4141,0.005913814750686288,2.007179530206416,0.011816145622730256,0.00011816145622730257
4151,0.006759924012003466,2.0069721823848785,0.01349889780730009,0.0001349889780730009
4158,0.005910808072518557,2.0072615081202705,0.011809700299054385,0.00011809700299054385
4167,0.006833099174685777,2.00688371368777,0.013645674464851619,0.00013645674464851618
4179,0.005919317722693086,2.007326510672085,0.011826267759501935,0.00011826267759501935
4188,0.0067478840686380865,2.0069778831912206,0.013476941154897214,0.00013476941154897214
4198,0.005945535470731557,2.007200922606839,0.011877645850926637,0.00011877645850926638
4208,0.006736823667213321,2.007129762107693,0.013455382674187423,0.00013455382674187424
4219,0.005867151717469096,2.007129099307442,0.011722243811935188,0.00011722243811935188
4228,0.006791403329465539,2.0071129178727514,0.01356387802064419,0.0001356387802064419
4238,0.005938525216141716,2.0071414404384327,0.0118640841729939,0.000118640841729939
4249,0.006748196831485257,2.006989583207853,0.013476997223496438,0.00013476997223496438
4258,0.005899421876575798,2.0073373408751563,0.011787901663035154,0.00011787901663035154
4269,0.006651921064732597,2.006965880986117,0.013284757993370295,0.00013284757993370296
4280,0.005955070193205029,2.0073442587362136,0.011898998457193374,0.00011898998457193374
4289,0.006755461449781433,2.0069501041647047,0.01348992484137416,0.0001348992484137416
4300,0.0059500599466729915,2.007242469068803,0.011887586306035518,0.00011887586306035519
4310,0.006765823754062876,2.0071654080322014,0.013512140192836523,0.00013512140192836525
4320,0.005875335028441623,2.0071933286936954,0.011739611065387727,0.00011739611065387727
4331,0.006698149938043207,2.007221287080646,0.013377732942253352,0.0001337773294225335
4340,0.005697669654525817,2.0072971894407647,0.011386775971204043,0.00011386775971204043
4350,0.004451126299472526,2.007619048371492,0.008905258998274804,8.905258998274804e-05
4360,0.00407174560232088,2.007770571353473,0.008150007007271053,8.150007007271052e-05
4370,0.004170068883802742,2.0075708963439336,0.008346177855879069,8.346177855879069e-05
4381,0.003967136316746473,2.0078297461097594,0.007943206829577686,7.943206829577685e-05
4391,0.0041770908750128006,2.0075889731292613,0.008359677343070507,8.359677343070508e-05
4401,0.003966521026240662,2.0076764515622054,0.007941732840240003,7.941732840240003e-05
4411,0.004161920809932053,2.007715961548407,0.008330947331339121,8.330947331339122e-05
4418,0.003961569150583819,2.0076102244548033,0.007932403075695038,7.932403075695039e-05
4430,0.004168376741372049,2.007792654802371,0.008343826854228974,8.343826854228975e-05
4438,0.0039215004767756915,2.007740289969044,0.007851475486904383,7.851475486904383e-05
4448,0.00416638411055319,2.0076650863878895,0.008338943131268026,8.338943131268026e-05
4458,0.003966090215789154,2.0077832977514247,0.007940753078460695,7.940753078460695e-05
4468,0.0041519445672165605,2.0076248889604584,0.008308673472702503,8.308673472702503e-05
4480,0.0039258679619990295,2.007893814347824,0.00786052091345191,7.860520913451911e-05
4488,0.004202261259034276,2.007632647297578,0.008410335613787175,8.410335613787176e-05
4499,0.003925236547598615,2.0077161878338083,0.007859358098357916,7.859358098357916e-05
4509,0.004180932408524678,2.007782630905835,0.008368539956957102,8.368539956957102e-05
4519,0.003959758923947811,2.0076429471127226,0.007927380453795195,7.927380453795195e-05
4531,0.004168321921490133,2.0078126402346417,0.008343481340259314,8.343481340259314e-05
4540,0.0039541174517013136,2.007696257096436,0.007917340310662985,7.917340310662986e-05
4550,0.004117672728002072,2.0076591715770773,0.008242518008500338,8.242518008500339e-05
4560,0.003990165642276406,2.0077982148303186,0.007989852567762136,7.989852567762136e-05
4570,0.004070499036367982,2.0076030158028475,0.008148173895478249,8.148173895478248e-05
4580,0.003997785379877314,2.007851433830615,0.008003999750316144,8.003999750316143e-05
4590,0.0041309917625971145,2.0076281148238575,0.008268535232543946,8.268535232543947e-05
4601,0.004010214473726228,2.007733203205001,0.00802847417294979,8.028474172949791e-05
4610,0.004087040156777948,2.0078498583778273,0.008181408034265042,8.181408034265042e-05
4621,0.004036869124742225,2.007672268360481,0.00808138922676444,8.08138922676444e-05
4631,0.004082075521629304,2.0078316435865595,0.00817158245742321,8.171582457423211e-05
4640,0.0040150199125986545,2.007741829982726,0.008038354977965356,8.038354977965356e-05
4651,0.007429606599360704,2.0068488665553277,0.014834460713714363,0.00014834460713714363
4661,0.007163623723154888,2.007033016968379,0.014300807805359365,0.00014300807805359364
4668,0.0042735543399583555,2.0075506580763034,0.008551253306865693,8.551253306865693e-05
4680,0.004388833576440812,2.0077089218446056,0.00878079362809658,8.78079362809658e-05
4688,0.004197183886030689,2.0075887252474205,0.008400014857202768,8.400014857202768e-05
4698,0.004280358737520874,2.007660330289789,0.00856614060625434,8.56614060625434e-05
4709,0.004162469308404252,2.007785938838357,0.008331364452838897,8.331364452838897e-05
4718,0.004297254513995722,2.0075505442274735,0.008599482420086861,8.599482420086861e-05
4729,0.004157775903400034,2.007799809598457,0.00832212220132351,8.32212220132351e-05
4739,0.004294740836275741,2.007634973551892,0.00859561152458191,8.59561152458191e-05
4748,0.004074493580358103,2.0077904912209603,0.008156692101806402,8.156692101806402e-05
4759,0.004277146578906104,2.00778874818068,0.008559448366612196,8.559448366612196e-05
4769,0.004066585868503898,2.007699627278047,0.008140813176333904,8.140813176333904e-05
4779,0.0042811476920731366,2.007807253466314,0.008567850732058287,8.567850732058287e-05
4789,0.0040499760124832395,2.0076911397461314,0.008107242327183486,8.107242327183486e-05
4800,0.00425744396741502,2.0076886327805,0.008520009060949088,8.520009060949088e-05
4810,0.004030016662366688,2.0077972573475913,0.00806819597259164,8.06819597259164e-05
4820,0.0043051146217621865,2.0075338969998064,0.008615758073329927,8.615758073329927e-05
4830,0.003994610000634566,2.0078738219289574,0.007998562854528428,7.998562854528428e-05
4840,0.0042390133277513085,2.0076706766393966,0.008483350478857756,8.483350478857756e-05
4850,0.004069138029729948,2.0077374137531967,0.008145966225862503,8.145966225862504e-05
4860,0.004202724321652204,2.007802942299983,0.008412249211966993,8.412249211966993e-05
4871,0.004032549468055368,2.0076559555817863,0.008072074630111456,8.072074630111456e-05
4881,0.004239941789070145,2.00782157857772,0.008484691832214595,8.484691832214595e-05
4891,0.004042353059351444,2.007707682639314,0.008092226535826922,8.092226535826922e-05
4901,0.00421277907663025,2.007702423238661,0.008432376626133919,8.43237662613392e-05
4911,0.004036513065826148,2.0078081790592055,0.008081001319736244,8.081001319736244e-05
4921,0.00425906510297209,2.0076017847489567,0.00852314213141799,8.52314213141799e-05
4930,0.00398777569741942,2.007891985682771,0.007983795730769634,7.983795730769635e-05
4938,0.004242356173601002,2.0076204430931712,0.008489532885700465,8.489532885700465e-05
4948,0.006160000237310306,2.007211645138636,0.012305034746974707,0.00012305034746974708
4958,0.007598745201993734,2.0069063363048714,0.01516721963584423,0.0001516721963584423
4969,0.004902411494543776,2.007472710257303,0.009803807109594345,9.803807109594345e-05
4980,0.004492262379918247,2.0077461528794376,0.008987754141539336,8.987754141539336e-05
4989,0.004122682092990726,2.0076597134690735,0.00825288612395525,8.25288612395525e-05
4999,0.004319703123578802,2.007639620975265,0.008644065114855767,8.644065114855767e-05
5009,0.004093988568801433,2.007787342328625,0.008195555014908314,8.195555014908315e-05
5019,0.004269599455501884,2.007551496115001,0.008543280148506164,8.543280148506165e-05
5031,0.004038605402549729,2.007838696834864,0.008085257165879012,8.085257165879012e-05
5039,0.004245538423024118,2.00755697243819,0.008495387859642507,8.495387859642506e-05
5050,0.004043965928861871,2.0076886505009144,0.008095660682022571,8.095660682022572e-05
5060,0.00421229135831818,2.0077236997996457,0.008430379950255156,8.430379950255156e-05
5070,0.003997717496519908,2.0076172719877214,0.008002667354792357,8.002667354792357e-05
5080,0.0041978440299630165,2.0078043119637763,0.008401751535385847,8.401751535385847e-05
5090,0.003995913327019662,2.0076996102257634,0.008000046644359828,8.000046644359828e-05
5100,0.004211490371963009,2.0077069956928493,0.008428536528348924,8.428536528348924e-05
5110,0.00395051244366914,2.007802943635127,0.007910970775783063,7.910970775783063e-05
5120,0.004156682449905202,2.0075921646884645,0.008318949257582427,8.318949257582426e-05
5131,0.004003435509465635,2.0078621991115155,0.008015197582542896,8.015197582542896e-05
5141,0.004174583278875798,2.0077046961393674,0.008356251583248377,8.356251583248377e-05
5151,0.003955883705941961,2.007760061418358,0.0079207267716527,7.9207267716527e-05
5161,0.004163459790777415,2.007765661202045,0.008333637348562479,8.33363734856248e-05
5171,0.003955369338206947,2.007638825214235,0.00791914323270321,7.919143232703209e-05
5178,0.004160932475747541,2.0077795565929266,0.008328944072127342,8.328944072127342e-05
5188,0.003973162842076272,2.0076935770628044,0.007955455458164215,7.955455458164216e-05
5198,0.0041601097429171206,2.0077067490154414,0.008326573979854585,8.326573979854585e-05
5208,0.003957898505032063,2.0078448473422323,0.007924362501502037,7.924362501502037e-05
5218,0.004110928613878787,2.0076035239931196,0.008228771363198757,8.228771363198758e-05
5228,0.003952868785662577,2.0078487933902536,0.00791476022452116,7.91476022452116e-05
5240,0.004164951610472053,2.007618242083676,0.008335152649879456,8.335152649879456e-05
5248,0.004817147052334622,2.007538471041201,0.009635679471492768,9.635679471492768e-05
5259,0.007810000037075952,2.0068620978000573,0.01558997782021761,0.0001558997782021761
5269,0.0058150956237223005,2.0071819375143853,0.01161860561966896,0.00011618605619668961
5280,0.004523386627621949,2.007757495820243,0.0090503981590271,9.0503981590271e-05
5291,0.004161127865267918,2.007675119273365,0.008327795309573413,8.327795309573413e-05
5299,0.004395445751957596,2.0076324093851263,0.00879373690262437,8.79373690262437e-05
5309,0.004081777375843376,2.0077562885070686,0.008170188771933318,8.170188771933318e-05
5320,0.004401954814465717,2.007486298487382,0.008805757209658623,8.805757209658624e-05
5330,0.004020123706106097,2.0077880322027952,0.008048117291927339,8.048117291927339e-05
5341,0.004365921759791672,2.007543083700305,0.008734675659239292,8.734675659239293e-05
5350,0.00403852158584632,2.007698729925044,0.008084183057397604,8.084183057397605e-05
5360,0.004371160117350519,2.0077165698913393,0.008746726485341787,8.746726485341788e-05
5370,0.003984020541841164,2.007639197194483,0.007975415716320277,7.975415716320278e-05
5380,0.004328786030830816,2.0077516858819875,0.008662067562341691,8.662067562341692e-05
5391,0.003988599390909076,2.0076737546930556,0.007985228699445724,7.985228699445725e-05
5401,0.004326693900022656,2.0076172481193675,0.008656920029222966,8.656920029222966e-05
5411,0.003999431983241811,2.00775654391041,0.008007047740370036,8.007047740370036e-05
5421,0.0043132732846774165,2.007535415479494,0.008631200721114875,8.631200721114875e-05
5428,0.004009318036399782,2.0078123259186746,0.008027707466483116,8.027707466483117e-05
5440,0.004280769401835278,2.0075673483682333,0.008566406888514757,8.566406888514757e-05
5448,0.004040855165570975,2.007678313994687,0.008088987035304309,8.088987035304309e-05
5458,0.004224856672156602,2.0076251747367437,0.008455046734958888,8.455046734958889e-05
5468,0.0040208046663552524,2.0075667182260193,0.008048692732304335,8.048692732304335e-05
5479,0.0042355955571867525,2.0076920243956615,0.008477051385492087,8.477051385492087e-05
5489,0.004042379928845912,2.0076163709201853,0.00809172716587782,8.091727165877821e-05
5499,0.0041940662696026264,2.0077013695326635,0.008393973471969367,8.393973471969368e-05
5509,0.0040864413608331235,2.007810312113026,0.00818029970675707,8.18029970675707e-05
5518,0.004212487829290331,2.0076211137791633,0.008430862518399954,8.430862518399955e-05
5530,0.004020427753124387,2.007848450270994,0.008048639881610871,8.04863988161087e-05
5539,0.00422116809389554,2.007603834697232,0.008447996617108584,8.447996617108585e-05
5550,0.004050762354210019,2.007764365582122,0.008108429475873709,8.108429475873708e-05
5559,0.005630027296021581,2.007389612527704,0.01125297823548317,0.0001125297823548317
5570,0.005825517946435139,2.007182749783341,0.011641155257076026,0.00011641155257076026
5580,0.0056521069442387675,2.007449723139219,0.011295441988855601,0.00011295441988855602
5590,0.005860750834736974,2.0072706079484894,0.011710356254130602,0.00011710356254130602
5600,0.005613492212770507,2.0073850857452027,0.011217465814948082,0.00011217465814948082
5610,0.005912202368536964,2.007360663984204,0.011813031931221485,0.00011813031931221485
5620,0.005558158235950396,2.0072461053010544,0.01110912064909935,0.0001110912064909935
5631,0.0059495252697728575,2.007341753921099,0.011886716213822365,0.00011886716213822365
5640,0.005506653937278316,2.0072703113287225,0.011003835977613927,0.00011003835977613928
5650,0.005996680569974706,2.007251475381432,0.011980276690423489,0.00011980276690423489
5661,0.005465511123184115,2.007398053460941,0.010923439310491086,0.00010923439310491086
5671,0.0060193696030881256,2.007118897448061,0.012025089114159346,0.00012025089114159347
5681,0.005423262955574319,2.007482985315565,0.01083828407675028,0.0001083828407675028
5690,0.006014709059800953,2.0071767207727302,0.0120166122995317,0.00012016612299531699
5698,0.005407221345696598,2.007377230445435,0.010807928039878607,0.00010807928039878608
5708,0.006021059863222763,2.007243814978143,0.012029795395582915,0.00012029795395582916
5718,0.005441717390855774,2.007232491889503,0.01087439667955041,0.00010874396679550411
5728,0.006070437947334722,2.0072725429615472,0.012128174991160631,0.00012128174991160632
5740,0.005380929186940194,2.007298651953647,0.010754479246586561,0.0001075447924658656
5749,0.0060121389518491926,2.007243053537887,0.012012027361989022,0.00012012027361989022
5758,0.0053774332601577044,2.007408426121669,0.010747332146763803,0.00010747332146763802
5768,0.00607427714727819,2.0070878428090366,0.012134820755571128,0.00012134820755571128
5779,0.0054123649384826425,2.0074836065443233,0.01081860813498497,0.0001081860813498497
5791,0.006076084256032482,2.0071834084103815,0.01213709366992116,0.0001213709366992116
5798,0.00538140582931228,2.007395369798364,0.010756648881733418,0.00010756648881733418
5810,0.0059803560579661285,2.007261538183922,0.01194711249768734,0.00011947112497687341
5820,0.005391788627021015,2.0072756673605183,0.010775604560226203,0.00010775604560226204
5830,0.006090538951568305,2.0073559994683134,0.01216863400116563,0.0001216863400116563
5840,0.004819716368895025,2.0074987011170013,0.009639792548120023,9.639792548120023e-05
5850,0.004912816061638296,2.007510093133338,0.00982393551915884,9.82393551915884e-05
5860,0.004255362922372297,2.0076806236906446,0.00851620805338025,8.516208053380251e-05
5870,0.0041618416246492415,2.007551699205488,0.008329134789854288,8.329134789854289e-05
5880,0.0036581288934219632,2.0078899201415945,0.007329491161555052,7.329491161555052e-05
5891,0.0012216415903065355,2.0083407231663353,0.0024480562143027783,2.4480562143027785e-05
5901,2.4743378162384034e-09,2.00874817925049,1.2680888175964357e-09,1.2680888175964357e-11
5911,3.8971193134784703e-10,2.0087497463525272,-2.8997659683227542e-09,-2.8997659683227543e-11
5920,2.6199035346508026e-09,2.0085994953448885,1.5467405319213868e-09,1.5467405319213868e-11
5931,6.868503987789154e-10,2.008857273917552,-2.3096799850463867e-09,-2.3096799850463866e-11
5941,2.885330468416214e-09,2.008672822450893,2.092123031616211e-09,2.092123031616211e-11
5951,1.1797668412327766e-08,2.0087682185129263,1.996979117393494e-08,1.996979117393494e-10
5958,3.024376928806305e-09,2.008799925592728,2.3715198040008547e-09,2.371519804000855e-11
5968,1.058122143149376e-09,2.0086391494720246,-1.580268144607544e-09,-1.580268144607544e-11
5979,2.99760140478611e-09,2.0088395531590564,2.29179859161377e-09,2.29179859161377e-11
5990,1.046760007739067e-09,2.0086638754264916,-1.5944242477416994e-09,-1.5944242477416995e-11
5998,2.972083166241646e-09,2.008757342189504,2.2642314434051514e-09,2.2642314434051514e-11
6008,1.0670162737369539e-09,2.008742027743766,-1.601874828338623e-09,-1.601874828338623e-11
6019,2.8965063393116e-09,2.0086399024795742,2.0891427993774417e-09,2.0891427993774418e-11
6028,1.1024065315723419e-09,2.0088620406144764,-1.5057623386383057e-09,-1.5057623386383058e-11
6039,3.007287159562111e-09,2.008675680764625,2.323836088180542e-09,2.3238360881805422e-11
6049,1.1042226105928422e-09,2.0087125818224623,-1.4588236808776856e-09,-1.4588236808776856e-11
6058,2.932129427790642e-09,2.008831661293097,2.1845102310180665e-09,2.1845102310180665e-11
6070,1.0404735803604126e-09,2.0086523904400413,-1.62273645401001e-09,-1.62273645401001e-11
6080,2.7610920369625093e-09,2.0088424551433883,1.8775463104248047e-09,1.8775463104248048e-11
6090,1.2900214642286302e-09,2.0086349800860046,-1.1585652828216553e-09,-1.1585652828216552e-11
6100,2.7759000658988956e-09,2.008711471764883,1.8522143363952638e-09,1.852214336395264e-11
6110,1.0524410754442215e-09,2.0087510959853883,-1.6160309314727784e-09,-1.6160309314727786e-11
6120,2.898555248975754e-09,2.0086217068693135,2.1457672119140628e-09,2.1457672119140626e-11
6130,1.3565644621849061e-09,2.0088776158985215,-9.678304195404054e-10,-9.678304195404055e-12
6140,2.7759466320276263e-09,2.008688045512838,1.867860555648804e-09,1.867860555648804e-11
6150,1.1784955859184266e-09,2.0087693968139124,-1.33514404296875e-09,-1.33514404296875e-11
6161,2.6274006813764575e-09,2.0088240421504713,1.592189073562622e-09,1.592189073562622e-11
6171,1.2512784451246262e-09,2.008722894040821,-1.1809170246124268e-09,-1.1809170246124268e-11
6181,2.633826807141304e-09,2.0089645752806216,1.5914440155029298e-09,1.59144401550293e-11
6191,1.329183578491211e-09,2.0087942643763963,-1.0304152965545655e-09,-1.0304152965545655e-11
6197,2.713175490498543e-09,2.008800310481433,1.755356788635254e-09,1.755356788635254e-11
6208,1.5102792531251908e-09,2.008792029737728,-6.526708602905273e-10,-6.526708602905274e-12
6218,2.72020697593689e-09,2.008621600231901,1.7754733562469483e-09,1.7754733562469483e-11
6228,1.304876059293747e-09,2.0088583776492626,-1.0713934898376466e-09,-1.0713934898376465e-11
6240,2.498738467693329e-09,2.0086938051333187,1.3493001461029054e-09,1.3493001461029054e-11
6248,1.4843884855508804e-09,2.0087655926151666,-7.219612598419189e-10,-7.21961259841919e-12
6259,2.7140602469444276e-09,2.0087789531003684,1.7486512660980226e-09,1.7486512660980226e-11
6269,1.2963544577360153e-09,2.0086550093139524,-1.121312379837036e-09,-1.1213123798370362e-11
6279,2.7244444936513904e-09,2.0088736937588547,1.7702579498291016e-09,1.7702579498291016e-11
6291,1.3059470802545547e-09,2.008671556040272,-1.1108815670013429e-09,-1.1108815670013429e-11
6299,2.5894958525896073e-09,2.0087603576977737,1.4923512935638428e-09,1.4923512935638428e-11
6309,1.3756100088357925e-09,2.008798680375796,-9.305775165557862e-10,-9.305775165557862e-12
6320,2.5043729692697524e-09,2.0086602501043584,1.2762844562530518e-09,1.2762844562530518e-11
6330,1.3645272701978685e-09,2.008829905384127,-9.901821613311769e-10,-9.901821613311768e-12
6340,2.7893111109733583e-09,2.008635156334331,1.89170241355896e-09,1.89170241355896e-11
6350,1.4336779713630677e-09,2.008715744052129,-8.203089237213135e-10,-8.203089237213135e-12
6360,2.6263296604156497e-09,2.008760996278096,1.5728175640106202e-09,1.57281756401062e-11
6370,1.450721174478531e-09,2.008584389277548,-7.882714271545411e-10,-7.882714271545411e-12
6380,2.4850945919752123e-09,2.0088122837513223,1.2822449207305908e-09,1.2822449207305909e-11
6391,1.5267636626958848e-09,2.0086444164190445,-6.42240047454834e-10,-6.42240047454834e-12
6400,2.411194145679474e-09,2.0087496038651094,1.0907649993896485e-09,1.0907649993896485e-11
6411,1.600245013833046e-09,2.008791328901844,-5.267560482025146e-10,-5.267560482025147e-12
6421,2.451380714774132e-09,2.008618031621864,1.1615455150604249e-09,1.1615455150604248e-11
6430,1.7826445400714876e-09,2.0088364235574847,-1.1920928955078125e-10,-1.1920928955078126e-12
6441,2.3644883185625077e-09,2.0086492386579047,1.0147690773010255e-09,1.0147690773010255e-11
6451,1.6822945326566697e-09,2.0087633324429395,-3.650784492492676e-10,-3.650784492492676e-12
6458,2.5268644094467164e-09,2.0087665163937025,1.3381242752075196e-09,1.3381242752075196e-11
6468,1.6295351088047028e-09,2.008617731254315,-4.462897777557373e-10,-4.462897777557373e-12
6478,2.4722423404455185e-09,2.008844049469242,1.3053417205810546e-09,1.3053417205810548e-11
6488,1.6584992408752443e-09,2.008708785073599,-3.9711594581604004e-10,-3.971159458160401e-12
6500,2.2909604012966158e-09,2.008780185580021,8.67992639541626e-10,8.67992639541626e-12
6508,1.717451959848404e-09,2.008797506955266,-2.5779008865356444e-10,-2.5779008865356446e-12
6519,2.1696556359529495e-09,2.00862244522213,6.213784217834473e-10,6.213784217834473e-12
6528,1.7003621906042099e-09,2.008821794686886,-2.689659595489502e-10,-2.689659595489502e-12
6539,2.311542630195618e-09,2.0086570110498463,9.41753387451172e-10,9.41753387451172e-12
6550,1.662829890847206e-09,2.008779991419241,-3.524124622344971e-10,-3.5241246223449707e-12
6559,2.222508192062378e-09,2.0088182746025733,7.480382919311524e-10,7.480382919311524e-12
6569,1.6936101019382477e-09,2.0086489323984367,-3.255903720855713e-10,-3.2559037208557133e-12
6580,2.2890046238899233e-09,2.008864847111562,8.985400199890137e-10,8.985400199890137e-12
6590,1.8454156816005707e-09,2.008673588248808,3.129243850708008e-11,3.129243850708008e-13
6600,2.161553129553795e-09,2.0087556089729537,6.400048732757569e-10,6.400048732757569e-12
6610,1.840619370341301e-09,2.008763607173646,-2.8312206268310547e-11,-2.831220626831055e-13
6620,2.2707972675561905e-09,2.00864558674274,8.419156074523926e-10,8.419156074523927e-12
6630,1.8630642443895343e-09,2.0088389344709925,5.289912223815918e-11,5.289912223815918e-13
6640,2.243369817733765e-09,2.008644646497397,8.061528205871582e-10,8.061528205871582e-12
6651,2.0576175302267076e-09,2.0087286767389627,3.9264559745788577e-10,3.9264559745788575e-12
6661,2.1956861019134523e-09,2.0087792035720313,7.547438144683838e-10,7.547438144683838e-12
6671,2.008024603128433e-09,2.0086420785075987,3.1962990760803223e-10,3.1962990760803224e-12
6681,2.0119827240705492e-09,2.008848093565274,3.71783971786499e-10,3.71783971786499e-12
6691,1.9516330212354662e-09,2.008615014699288,1.9744038581848147e-10,1.9744038581848148e-12
6701,1.880200579762459e-09,2.008794030162925,7.972121238708497e-11,7.972121238708497e-13
6711,1.9645784050226214e-09,2.0088087487762327,2.1606683731079103e-10,2.16066837310791e-12
6718,2.018967643380165e-09,2.0086168349610642,3.4570693969726565e-10,3.4570693969726567e-12
6728,2.0249281078577044e-09,2.0088488874028902,3.166496753692627e-10,3.166496753692627e-12
6738,2.1635554730892183e-09,2.0086195373803846,6.213784217834473e-10,6.213784217834473e-12
6750,2.0559877157211306e-09,2.008776944699092,4.4479966163635256e-10,4.447996616363526e-12
6758,1.8872786313295365e-09,2.0087598702763674,8.940696716308594e-11,8.940696716308594e-13
6769,2.1480489522218703e-09,2.008641842390271,6.444752216339112e-10,6.444752216339112e-12
6779,1.909444108605385e-09,2.0088841577894523,1.437962055206299e-10,1.437962055206299e-12
6789,2.1738465875387193e-09,2.0086478892044166,6.563961505889892e-10,6.563961505889892e-12
6799,2.001645043492317e-09,2.0087283574306873,3.0174851417541505e-10,3.0174851417541506e-12
6808,2.176361158490181e-09,2.0087454923881682,6.340444087982178e-10,6.340444087982178e-12
6819,2.0071864128112795e-09,2.0085925535601565,3.285706043243408e-10,3.285706043243408e-12
6828,2.139480784535408e-09,2.008773813045118,5.558133125305176e-10,5.558133125305176e-12
6840,1.9438099116086962e-09,2.008583358485298,1.6763806343078615e-10,1.6763806343078615e-12
6848,1.9467901438474655e-09,2.008707381967502,1.564621925354004e-10,1.564621925354004e-12
6860,1.755775883793831e-09,2.008771192770405,-1.5124678611755373e-10,-1.5124678611755373e-12
6870,2.2356398403644562e-09,2.0085750823259354,7.949769496917725e-10,7.949769496917725e-12
6880,1.8397346138954163e-09,2.0088340045487976,1.4156103134155273e-11,1.4156103134155274e-13
6890,2.2700522094964982e-09,2.0086779658543876,8.210539817810059e-10,8.21053981781006e-12
6900,1.6751233488321305e-09,2.008770673930738,-3.315508365631104e-10,-3.315508365631104e-12
6910,2.3464206606149673e-09,2.0087717081237586,9.65595245361328e-10,9.655952453613282e-12
6921,1.7885584384202957e-09,2.0085681416813284,-1.3113021850585938e-10,-1.311302185058594e-12
6931,2.0009931176900865e-09,2.0087913769697305,3.099441528320313e-10,3.099441528320313e-12
6941,1.8056947737932207e-09,2.008616672897339,-7.972121238708497e-11,-7.972121238708497e-13
6951,2.2680964320898057e-09,2.0087800191098824,8.672475814819336e-10,8.672475814819337e-12
6961,1.7005018889904023e-09,2.008753704772098,-2.942979335784912e-10,-2.942979335784912e-12
6971,2.3354776203632357e-09,2.0086242654152215,9.745359420776367e-10,9.745359420776367e-12
6978,1.651141792535782e-09,2.0088334083898927,-3.993511199951172e-10,-3.993511199951172e-12
6988,2.284720540046692e-09,2.0086095990662463,9.059906005859375e-10,9.059906005859375e-12
6999,1.5885569155216217e-09,2.0087263125634287,-5.133450031280518e-10,-5.133450031280518e-12
7008,-5.366280674934388e-10,2.008712272338197,-4.775822162628174e-09,-4.775822162628174e-11
7019,-1.5292363241314888e-08,2.008645091698831,-3.4420192241668705e-08,-3.442019224166871e-10
7028,4.3353065848350527e-10,2.008828411124088,-2.8498470783233643e-09,-2.8498470783233645e-11
7038,7.575377821922302e-10,2.0086464535385837,-2.1569430828094485e-09,-2.1569430828094486e-11
7051,1.7305836081504822e-09,2.008716518640844,-2.4959444999694826e-10,-2.4959444999694825e-12
7058,9.329989552497864e-10,2.008711160167633,-1.8298625946044923e-09,-1.8298625946044924e-11
7069,1.8059741705656053e-09,2.0085805343457963,-5.21540641784668e-11,-5.21540641784668e-13
7078,7.383059710264207e-10,2.008805422414746,-2.185255289077759e-09,-2.185255289077759e-11
7090,1.7142388969659806e-09,2.0086789379699623,-2.346932888031006e-10,-2.346932888031006e-12
7100,5.782581865787506e-10,2.0087047448612285,-2.5987625122070312e-09,-2.5987625122070314e-11
7110,1.9764527678489688e-09,2.0087678971709217,2.3171305656433107e-10,2.3171305656433107e-12
7120,7.926020771265031e-10,2.0086381634303834,-2.09808349609375e-09,-2.0980834960937503e-11
7130,1.710653305053711e-09,2.008841819819482,-2.8461217880249027e-10,-2.846121788024903e-12
7140,7.307156920433045e-10,2.008663872433407,-2.222508192062378e-09,-2.222508192062378e-11
7150,1.7947517335414887e-09,2.008754627615679,-1.2293457984924317e-10,-1.2293457984924316e-12
7160,6.230548024177552e-10,2.008755420064833,-2.487003803253174e-09,-2.4870038032531743e-11
7171,1.7799437046051025e-09,2.0086133366895376,-1.2814998626708984e-10,-1.2814998626708985e-12
7181,6.162095814943314e-10,2.0087954931681047,-2.504885196685791e-09,-2.504885196685791e-11
7191,1.844996586441994e-09,2.0085759091108573,-1.4156103134155273e-11,-1.4156103134155274e-13
7201,8.065253496170044e-10,2.008685909477109,-2.088397741317749e-09,-2.088397741317749e-11
7211,1.971982419490814e-09,2.008705836018175,2.302229404449463e-10,2.302229404449463e-12
7221,5.032401531934738e-10,2.0086688265025616,-2.7298927307128907e-09,-2.7298927307128907e-11
7228,2.028513699769974e-09,2.0088617031485776,3.9413571357727053e-10,3.9413571357727056e-12
7238,7.431022822856904e-10,2.0086365818740335,-2.215057611465454e-09,-2.215057611465454e-11
7250,2.036057412624359e-09,2.008773124101991,3.7550926208496094e-10,3.755092620849609e-12
7258,5.909707397222519e-10,2.0087619813994038,-2.5093555450439456e-09,-2.5093555450439456e-11
7268,2.060038968920708e-09,2.008638680000184,4.522502422332764e-10,4.522502422332764e-12
7278,5.701091140508653e-10,2.008835350055294,-2.5764107704162597e-09,-2.57641077041626e-11
7289,2.1010171622037887e-09,2.0086088434265927,5.401670932769776e-10,5.401670932769776e-12
7300,4.2230822145938875e-10,2.00874190227706,-2.8550624847412112e-09,-2.8550624847412112e-11
7308,2.136873081326485e-09,2.008741349576367,5.990266799926758e-10,5.990266799926758e-12
7318,4.851259291172028e-10,2.008637190352893,-2.723187208175659e-09,-2.723187208175659e-11
7329,2.1747779101133347e-09,2.0088306129215754,6.854534149169922e-10,6.854534149169922e-12
7340,5.77559694647789e-10,2.008645686169481,-2.5399029254913333e-09,-2.5399029254913334e-11
7350,2.245185896754265e-09,2.008762432335969,8.001923561096192e-10,8.001923561096192e-12
7360,4.754867404699326e-10,2.0087367889574264,-2.7336180210113526e-09,-2.7336180210113525e-11
7370,2.2742897272109987e-09,2.0086252372090705,8.553266525268555e-10,8.553266525268554e-12
7380,5.138106644153596e-10,2.008811587306857,-2.666562795639038e-09,-2.6665627956390382e-11
7390,2.352287992835045e-09,2.008656488475297,1.0438263416290283e-09,1.0438263416290284e-11
7400,5.212146788835525e-10,2.0087380285074468,-2.675503492355347e-09,-2.675503492355347e-11
7410,2.3111701011657717e-09,2.0087351487634706,8.992850780487061e-10,8.99285078048706e-12
7420,4.911795258522034e-10,2.008581464024028,-2.7097761631011965e-09,-2.7097761631011966e-11
7430,2.192659303545952e-09,2.008795614182763,6.631016731262208e-10,6.631016731262208e-12
7441,4.742294549942016e-10,2.008615223378921,-2.7373433113098145e-09,-2.7373433113098146e-11
7451,2.213846892118454e-09,2.0087487189318987,7.517635822296143e-10,7.517635822296144e-12
7461,3.0067749321460726e-10,2.0087108854674733,-3.0986964702606205e-09,-3.0986964702606204e-11
7471,2.3519154638051987e-09,2.0085737370070538,1.0155141353607178e-09,1.0155141353607178e-11
7477,3.2247044146060944e-10,2.008782725424506,-3.014504909515381e-09,-3.014504909515381e-11
7488,2.311496064066887e-09,2.008625329945749,9.387731552124024e-10,9.387731552124024e-12
7500,2.2375024855136873e-10,2.0087402603978757,-3.2186508178710937e-09,-3.218650817871094e-11
7508,2.362346276640892e-09,2.0087285781194923,1.0274350643157959e-09,1.0274350643157959e-11
7518,2.5010667741298677e-10,2.0086328758078165,-3.200024366378784e-09,-3.2000243663787843e-11
7528,2.4900306016206744e-09,2.0088105163013563,1.2695789337158203e-09,1.2695789337158203e-11
7539,2.6798807084560395e-10,2.0085993633151054,-3.184378147125244e-09,-3.184378147125244e-11
7550,2.459855750203133e-09,2.0087237345457543,1.2367963790893555e-09,1.2367963790893555e-11
7559,1.4854595065116883e-10,2.008697111623036,-3.3818185329437258e-09,-3.381818532943726e-11
7569,2.253660932183266e-09,2.008599952860456,8.121132850646973e-10,8.121132850646973e-12
7578,4.721805453300476e-11,2.008803404120449,-3.6127865314483642e-09,-3.612786531448364e-11
7589,2.4553388357162476e-09,2.008616340084374,1.1727213859558106e-09,1.1727213859558106e-11
7600,7.315538823604585e-11,2.008689966843836,-3.5621225833892824e-09,-3.5621225833892826e-11
7610,2.579065039753914e-09,2.0086805776128545,1.4461576938629152e-09,1.4461576938629152e-11
7620,-4.572793841362e-11,2.0085535401303787,-3.816187381744385e-09,-3.8161873817443846e-11
7630,2.4273060262203217e-09,2.0087760595296977,1.1429190635681153e-09,1.1429190635681154e-11
7640,-5.727633833885193e-12,2.008618575801747,-3.74913215637207e-09,-3.7491321563720703e-11
7650,2.4529639631509783e-09,2.0087879320958164,1.2442469596862794e-09,1.2442469596862793e-11
7660,-8.749775588512421e-11,2.008780763680348,-3.901869058609009e-09,-3.901869058609009e-11
7670,2.449285238981247e-09,2.008644194808882,1.2032687664031983e-09,1.2032687664031983e-11
7680,-1.550652086734772e-11,2.008812644784199,-3.7036836147308353e-09,-3.7036836147308354e-11
7691,2.594757825136185e-09,2.008639074525563,1.4893710613250734e-09,1.4893710613250735e-11
7701,-1.9478611648082733e-10,2.0087662412187086,-4.1283667087554934e-09,-4.128366708755494e-11
7711,2.6677269488573076e-09,2.0087085272833707,1.6324222087860109e-09,1.632422208786011e-11
7721,-2.2943131625652314e-10,2.0086128370672,-4.182010889053345e-09,-4.182010889053345e-11
7728,2.532918006181717e-09,2.008756998731662,1.3783574104309082e-09,1.3783574104309083e-11
7738,-7.040798664093018e-11,2.008556462300569,-3.865361213684082e-09,-3.8653612136840826e-11
7748,2.573709934949875e-09,2.008737796841143,1.4312565326690675e-09,1.4312565326690675e-11
7760,-2.0070001482963562e-11,2.008756266869046,-3.7476420402526856e-09,-3.7476420402526854e-11
7768,2.6827212423086166e-09,2.0086006225080695,1.7099082469940186e-09,1.7099082469940187e-11
7779,-1.7425045371055605e-10,2.0088133922891225,-4.047900438308716e-09,-4.047900438308716e-11
7789,2.7764122933149337e-09,2.008612067027064,1.8842518329620362e-09,1.884251832962036e-11
7798,-2.4624168872833254e-10,2.008786296004243,-4.203617572784424e-09,-4.203617572784424e-11
7810,2.755178138613701e-09,2.0087454923513346,1.7911195755004883e-09,1.7911195755004882e-11
7818,-3.476161509752274e-10,2.008623308694409,-4.420429468154908e-09,-4.420429468154908e-11
7829,2.7582980692386627e-09,2.008825433723023,1.8440186977386477e-09,1.8440186977386476e-11
7839,-3.7532299757003786e-10,2.008648869942501,-4.4330954551696775e-09,-4.4330954551696774e-11
7849,2.81468965113163e-09,2.0087561004254035,1.9274652004241942e-09,1.9274652004241943e-11
7861,-2.898741513490677e-10,2.008699221638078,-4.251301288604736e-09,-4.2513012886047364e-11
7870,2.700602635741234e-09,2.0085856040700807,1.7248094081878663e-09,1.7248094081878664e-11
7880,-2.3054890334606173e-10,2.0087917511255946,-4.148483276367188e-09,-4.148483276367188e-11
7890,2.876343205571175e-09,2.0085920388220346,2.0697712898254394e-09,2.0697712898254395e-11
7900,-3.5050325095653536e-10,2.0087388276030778,-4.40552830696106e-09,-4.40552830696106e-11
7912,2.757459878921509e-09,2.0086943982392085,1.8462538719177248e-09,1.8462538719177247e-11
7920,-3.466848284006119e-10,2.0085952787151093,-4.418194293975831e-09,-4.418194293975831e-11
7930,2.7653295546770097e-09,2.00880280340258,1.8276274204254152e-09,1.8276274204254153e-11
7940,-2.9606744647026063e-10,2.0085935940305704,-4.309415817260742e-09,-4.309415817260742e-11
7950,2.803793177008629e-09,2.008721209442103,1.9021332263946535e-09,1.9021332263946534e-11
7962,-4.675239324569702e-10,2.0087031715342776,-4.6484172344207764e-09,-4.648417234420777e-11
7971,2.9556918889284137e-09,2.00859973223852,2.222508192062378e-09,2.222508192062378e-11
7981,-5.599576979875565e-10,2.0087912587217986,-4.857778549194336e-09,-4.8577785491943364e-11
7988,2.965051680803299e-09,2.0085636692828968,2.218782901763916e-09,2.218782901763916e-11
7998,-3.166496753692627e-10,2.008679327371903,-4.345178604125977e-09,-4.345178604125977e-11
8008,3.136880695819855e-09,2.0086612045614514,2.572685480117798e-09,2.5726854801177978e-11
8018,-4.71482053399086e-10,2.0085528035322207,-4.632025957107544e-09,-4.632025957107544e-11
8028,3.2174866646528246e-09,2.0087945133173375,2.763420343399048e-09,2.763420343399048e-11
8039,-4.20399010181427e-10,2.0085912514775526,-4.558265209197998e-09,-4.558265209197998e-11
8049,3.1096860766410827e-09,2.008767194080865,2.524256706237793e-09,2.524256706237793e-11
8058,-4.711095243692398e-10,2.008719362845691,-4.625320434570313e-09,-4.6253204345703125e-11
8069,3.0961818993091583e-09,2.008647521096142,2.524256706237793e-09,2.524256706237793e-11
8078,-4.713889211416244e-10,2.00885022568563,-4.649162292480469e-09,-4.6491622924804687e-11
8089,3.290874883532524e-09,2.0085997663208284,2.9101967811584473e-09,2.9101967811584474e-11
8098,-7.462687790393829e-10,2.008756346819224,-5.198270082473755e-09,-5.1982700824737547e-11
8110,3.342796117067337e-09,2.0087005722648,3.0100345611572268e-09,3.010034561157227e-11
8119,-5.781184881925583e-10,2.008616654839972,-4.868209362030029e-09,-4.868209362030029e-11
8130,3.1670089811086654e-09,2.008805665991828,2.6382505893707277e-09,2.6382505893707278e-11
8140,-6.273854523897172e-10,2.0085923075626138,-4.99337911605835e-09,-4.99337911605835e-11
8150,3.2449606806039813e-09,2.0087387133957355,2.82973051071167e-09,2.82973051071167e-11
8160,-5.851499736309052e-10,2.0087082633485553,-4.874169826507568e-09,-4.8741698265075684e-11
8170,3.198254853487015e-09,2.0086013969838152,2.726912498474121e-09,2.726912498474121e-11
8180,-5.920417606830597e-10,2.00879450695985,-4.8533082008361815e-09,-4.8533082008361815e-11
8190,3.264797851443291e-09,2.0086094404961448,2.833455801010132e-09,2.833455801010132e-11
8201,-6.206799298524856e-10,2.0087633856486065,-4.937499761581421e-09,-4.9374997615814216e-11
8211,3.3289659768342973e-09,2.008702091214946,2.9601156711578372e-09,2.9601156711578375e-11
8221,-6.479676812887192e-10,2.0086153330171483,-5.0455331802368166e-09,-5.0455331802368166e-11
8231,3.4257303923368454e-09,2.00874144794154,3.1940639019012453e-09,3.194063901901245e-11
8238,-7.259193807840348e-10,2.008549116146844,-5.127489566802979e-09,-5.1274895668029786e-11
8248,3.350898623466492e-09,2.0087346214575694,2.9996037483215333e-09,2.999603748321533e-11
8260,-7.401686161756516e-10,2.0086642975308466,-5.198270082473755e-09,-5.1982700824737547e-11
8268,3.307638689875603e-09,2.008617186896736,2.9325485229492188e-09,2.932548522949219e-11
8278,-9.66666266322136e-10,2.0088522450339514,-5.667656660079956e-09,-5.667656660079957e-11
8289,3.418419510126114e-09,2.0086499778246973,3.127008676528931e-09,3.127008676528931e-11
8299,-7.748603820800782e-10,2.0087406848568006,-5.256384611129761e-09,-5.256384611129761e-11
8310,3.4043099731206897e-09,2.0087090445700104,3.1217932701110843e-09,3.121793270111084e-11
8319,-8.25338065624237e-10,2.008635505542066,-5.367398262023926e-09,-5.367398262023926e-11
8328,3.3933669328689577e-09,2.0088105880015066,3.0972063541412355e-09,3.0972063541412354e-11
8339,-9.957700967788698e-10,2.008574787606532,-5.7220458984375e-09,-5.7220458984375e-11
8348,3.290269523859024e-09,2.0087175139097497,2.913177013397217e-09,2.913177013397217e-11
8360,-7.819384336471558e-10,2.008676407715306,-5.263090133666992e-09,-5.263090133666993e-11
8370,3.508850932121277e-09,2.00860172275831,3.334134817123413e-09,3.334134817123413e-11
8380,-9.95723530650139e-10,2.008795201666793,-5.6892633438110356e-09,-5.6892633438110355e-11
8390,3.632670268416405e-09,2.0086215659034905,3.5837292671203616e-09,3.583729267120362e-11
8400,-1.025991514325142e-09,2.0087926957113202,-5.766749382019043e-09,-5.766749382019043e-11
8410,3.4675933420658112e-09,2.0087210270835554,3.2268464565277103e-09,3.2268464565277104e-11
8420,-1.079123467206955e-09,2.0086410190365744,-5.893409252166748e-09,-5.893409252166748e-11
8430,3.568781539797783e-09,2.0087807516634464,3.4943222999572756e-09,3.494322299957276e-11
8440,-9.57399606704712e-10,2.0086005881708116,-5.639344453811646e-09,-5.6393444538116457e-11
8450,3.615720197558403e-09,2.0087684223124294,3.580749034881592e-09,3.580749034881592e-11
8461,-9.453389793634415e-10,2.00875707240887,-5.587935447692871e-09,-5.587935447692871e-11
8471,3.6349520087242127e-09,2.008638564829575,3.6127865314483642e-09,3.612786531448364e-11
8481,-9.87667590379715e-10,2.0087967679942027,-5.716085433959961e-09,-5.716085433959961e-11
8491,3.719562664628029e-09,2.0085764790903777,3.726035356521606e-09,3.7260353565216066e-11
8498,-8.916482329368592e-10,2.0087395930040164,-5.500763654708863e-09,-5.500763654708863e-11
8508,3.6674551665782932e-09,2.0087271400490776,3.6969780921936037e-09,3.696978092193604e-11
8518,-1.2026168406009675e-09,2.0086303420308047,-6.127357482910156e-09,-6.127357482910157e-11
8528,3.6508776247501375e-09,2.0088276852751616,3.637373447418213e-09,3.637373447418213e-11
8538,-1.0533258318901062e-09,2.0086318606965246,-5.8308243751525884e-09,-5.830824375152589e-11
8548,3.776885569095612e-09,2.0088320886388886,3.86461615562439e-09,3.86461615562439e-11
8560,-9.933486580848694e-10,2.0087426927356984,-5.708634853363037e-09,-5.7086348533630374e-11
8568,3.6872923374176026e-09,2.0087076207816135,3.723055124282837e-09,3.7230551242828373e-11
8579,-1.1375639587640764e-09,2.0088780450130814,-5.984306335449219e-09,-5.98430633544922e-11
8589,3.779865801334381e-09,2.0086539738598748,3.885477781295777e-09,3.885477781295777e-11
8599,-1.2936070561408997e-09,2.0088466388175266,-6.296485662460328e-09,-6.296485662460327e-11
8610,3.838958218693733e-09,2.0088186161020305,3.946572542190552e-09,3.946572542190552e-11
8619,-1.1171214282512665e-09,2.008669770672219,-5.968660116195679e-09,-5.968660116195679e-11
8630,3.6997720599174503e-09,2.008838142721821,3.753602504730225e-09,3.7536025047302246e-11
8640,-1.1759810149669649e-09,2.0086618655548896,-6.091594696044922e-09,-6.091594696044921e-11
8650,3.920821473002434e-09,2.008840132682119,4.169344902038574e-09,4.1693449020385744e-11
8659,-1.2448523193597795e-09,2.008754285647813,-6.179511547088623e-09,-6.179511547088624e-11
8670,3.734929487109184e-09,2.0086465423708315,3.7923455238342286e-09,3.7923455238342284e-11
8680,-1.1590775102376938e-09,2.008853468635492,-6.038695573806763e-09,-6.038695573806762e-11
8690,3.891577944159508e-09,2.0085995830259753,4.126876592636109e-09,4.126876592636109e-11
8701,-1.3370532542467118e-09,2.008757922775438,-6.3747167587280275e-09,-6.374716758728028e-11
8711,3.933301195502281e-09,2.0087208816044964,4.160404205322266e-09,4.160404205322266e-11
8721,-1.4124903827905655e-09,2.0086540296976922,-6.537139415740967e-09,-6.537139415740967e-11
8731,3.943126648664475e-09,2.0088252427972852,4.204362630844116e-09,4.2043626308441165e-11
8741,-1.2925826013088228e-09,2.0086072364435066,-6.287544965744019e-09,-6.287544965744019e-11
8747,4.035001620650292e-09,2.0087856739134993,4.369765520095825e-09,4.3697655200958255e-11
8759,-1.1807307600975037e-09,2.008699935822096,-6.087124347686768e-09,-6.087124347686768e-11
8768,4.089996218681336e-09,2.0086065443278756,4.4830143451690675e-09,4.483014345169068e-11
8778,-1.2106727808713914e-09,2.0087534935475326,-6.125867366790772e-09,-6.125867366790772e-11
8788,3.919005393981934e-09,2.008522251091851,4.14922833442688e-09,4.1492283344268807e-11
8798,-1.2026634067296982e-09,2.0086798261801246,-6.112456321716309e-09,-6.112456321716308e-11
8810,4.242546856403351e-09,2.008676534348866,4.819035530090332e-09,4.8190355300903325e-11
8819,-1.3447832316160203e-09,2.0085695280473215,-6.452202796936035e-09,-6.452202796936035e-11
8829,4.043197259306908e-09,2.008786519472068,4.450976848602295e-09,4.450976848602295e-11
8838,-1.246761530637741e-09,2.008569156020228,-6.248801946640015e-09,-6.248801946640015e-11
8849,4.129763692617417e-09,2.0086677726651545,4.585087299346924e-09,4.585087299346924e-11
8859,-1.3065524399280548e-09,2.0086177116245962,-6.30989670753479e-09,-6.309896707534791e-11
8868,4.049018025398254e-09,2.0085661103468855,4.394352436065674e-09,4.394352436065674e-11
8880,-1.3764016330242157e-09,2.0087688417861704,-6.502121686935425e-09,-6.502121686935425e-11
8890,4.237890243530273e-09,2.00859682440646,4.81829047203064e-09,4.81829047203064e-11
8898,-1.496635377407074e-09,2.008719041207852,-6.651878356933594e-09,-6.651878356933594e-11
8909,4.238309338688851e-09,2.008661754211923,4.820525646209717e-09,4.820525646209717e-11
8920,-1.5561003237962724e-09,2.0086363778123166,-6.838887929916382e-09,-6.838887929916383e-11
8930,4.30746003985405e-09,2.0087362539828755,4.9613416194915775e-09,4.961341619491578e-11
8940,-1.4295335859060288e-09,2.008538429288054,-6.589293479919434e-09,-6.589293479919434e-11
8950,4.153372719883919e-09,2.0087162688586395,4.67151403427124e-09,4.6715140342712405e-11
8960,-1.4819204807281496e-09,2.008645858187275,-6.712228059768677e-09,-6.712228059768678e-11
8971,4.272023215889931e-09,2.0086272778538055,4.86522912979126e-09,4.86522912979126e-11
8981,-1.463107764720917e-09,2.0087968005362433,-6.647408008575439e-09,-6.647408008575439e-11
8991,4.303827881813049e-09,2.008564432003442,4.952400922775269e-09,4.952400922775269e-11
9000,-1.7105601727962494e-09,2.0087555777325297,-7.175654172897339e-09,-7.17565417289734e-11
9008,4.341313615441323e-09,2.0087029841669835,4.982948303222657e-09,4.9829483032226565e-11
9018,-1.6372185200452806e-09,2.008625033525564,-6.9737434387207035e-09,-6.973743438720703e-11
9028,4.3818727135658265e-09,2.0088010201424362,5.0954520702362065e-09,5.0954520702362064e-11
9039,-1.422269269824028e-09,2.008599938471802,-6.579607725143433e-09,-6.579607725143433e-11
9048,4.3112318962812425e-09,2.0087595039661044,4.959851503372193e-09,4.959851503372193e-11
9058,-1.7351005226373673e-09,2.0087014545727055,-7.227808237075806e-09,-7.227808237075807e-11
9070,4.408042877912522e-09,2.008624824446533,5.147606134414673e-09,5.1476061344146737e-11
9079,-1.6996171325445176e-09,2.0087903144360055,-7.131695747375489e-09,-7.131695747375489e-11
9089,4.5888591557741164e-09,2.00862964747618,5.46872615814209e-09,5.46872615814209e-11
9099,-1.8209684640169145e-09,2.0088011253364386,-7.341802120208741e-09,-7.34180212020874e-11
9109,4.5106280595064166e-09,2.0087274846934715,5.346536636352539e-09,5.346536636352539e-11
9120,-1.6940291970968247e-09,2.008642123343423,-7.11977481842041e-09,-7.11977481842041e-11
9128,4.441663622856141e-09,2.0088515273890923,5.22807240486145e-09,5.22807240486145e-11
9139,-1.7444137483835221e-09,2.0086326288606973,-7.23227858543396e-09,-7.23227858543396e-11
9150,4.446832463145256e-09,2.0088211457982195,5.259364843368531e-09,5.259364843368531e-11
9160,-1.7789658159017563e-09,2.0087102798951793,-7.320940494537354e-09,-7.320940494537353e-11
9171,4.608370363712311e-09,2.0086541940116325,5.5469572544097904e-09,5.54695725440979e-11
9180,-1.7833430320024492e-09,2.008818056742009,-7.281452417373658e-09,-7.281452417373658e-11
9190,4.514493048191071e-09,2.008607764483476,5.3919851779937745e-09,5.391985177993775e-11
9200,-1.8054619431495667e-09,2.0088039999002594,-7.367879152297974e-09,-7.367879152297974e-11
9210,4.6353787183761595e-09,2.0087002611017786,5.59389591217041e-09,5.593895912170411e-11
9221,-1.906976103782654e-09,2.0086706131572836,-7.52955675125122e-09,-7.529556751251221e-11
9230,4.599615931510926e-09,2.0088370093594774,5.540251731872559e-09,5.540251731872559e-11
9241,-1.9817613065242766e-09,2.0086176910349636,-7.688254117965699e-09,-7.688254117965698e-11
9250,4.784157499670983e-09,2.0087599087217356,5.937367677688599e-09,5.937367677688599e-11
9258,-1.9441358745098113e-09,2.008663129498577,-7.592886686325074e-09,-7.592886686325075e-11
9268,4.650466144084931e-09,2.0086232955297922,5.614757537841797e-09,5.6147575378417976e-11
9278,-2.0064413547515872e-09,2.0088036856984255,-7.75158405303955e-09,-7.751584053039551e-11
9287,4.582898691296578e-09,2.0086214843438475,5.477666854858399e-09,5.477666854858399e-11
9298,-1.9909348338842392e-09,2.00878919639308,-7.71358609199524e-09,-7.71358609199524e-11
9308,4.8179645091295246e-09,2.008721945844498,5.997717380523682e-09,5.997717380523682e-11
9320,-2.0505860447883606e-09,2.0086425825314596,-7.846951484680177e-09,-7.846951484680177e-11
9329,4.732701927423478e-09,2.008785204403056,5.812942981719971e-09,5.8129429817199706e-11
9339,-1.914985477924347e-09,2.008588647944713,-7.56680965423584e-09,-7.56680965423584e-11
9349,4.680315032601357e-09,2.0087694694923237,5.669146776199341e-09,5.669146776199341e-11
9358,-2.190656960010529e-09,2.0086859566898085,-8.109211921691895e-09,-8.109211921691896e-11
9369,4.6658795326948165e-09,2.008625424871873,5.653500556945801e-09,5.653500556945801e-11
9378,-1.962343230843544e-09,2.00882477374943,-7.65398144721985e-09,-7.653981447219849e-11
9390,4.7324690967798235e-09,2.0086014813108837,5.809217691421509e-09,5.8092176914215095e-11
9399,-2.2585038095712663e-09,2.0087883721462916,-8.250772953033448e-09,-8.250772953033449e-11
9410,4.892703145742416e-09,2.008670004345337,6.131827831268311e-09,6.131827831268311e-11
9420,-2.289237454533577e-09,2.008608146730997,-8.342415094375611e-09,-8.342415094375612e-11
9430,4.710257053375244e-09,2.008786370634288,5.7362020015716555e-09,5.7362020015716554e-11
9440,-2.1675601601600646e-09,2.0085833378470968,-8.041411638259889e-09,-8.04141163825989e-11
9450,4.913425073027611e-09,2.008758789501805,6.176531314849854e-09,6.176531314849854e-11
9460,-2.0482111722230913e-09,2.0086562151779424,-7.843971252441406e-09,-7.843971252441406e-11
9470,4.970561712980271e-09,2.0086123983641158,6.26593828201294e-09,6.26593828201294e-11
9481,-2.1682120859622956e-09,2.0087908876950853,-8.056312799453736e-09,-8.056312799453736e-11
9491,4.839571192860604e-09,2.008620761984959,5.984306335449219e-09,5.98430633544922e-11
9501,-2.1873973309993744e-09,2.0087509814555293,-8.10101628303528e-09,-8.10101628303528e-11
9511,4.8290472477674486e-09,2.0087097276824526,6.0170888900756835e-09,6.017088890075683e-11
9518,-2.414314076304436e-09,2.00862323177876,-8.547306060791016e-09,-8.547306060791015e-11
9528,4.7760084271430974e-09,2.008771848886274,5.886703729629517e-09,5.886703729629517e-11
9538,-2.3114029318094255e-09,2.0085581837682054,-8.383393287658691e-09,-8.383393287658691e-11
9548,4.682084545493126e-09,2.008777931486955,5.704164505004883e-09,5.704164505004883e-11
9558,-2.2658612579107284e-09,2.00867655384033,-8.269399404525758e-09,-8.269399404525758e-11
9570,4.990212619304657e-09,2.008603213621909,6.289035081863404e-09,6.289035081863404e-11
9579,-2.267817035317421e-09,2.0087764288396577,-8.25151801109314e-09,-8.251518011093141e-11
9589,4.976103082299232e-09,2.0085671006747523,6.325542926788331e-09,6.325542926788331e-11
9598,-2.3148953914642336e-09,2.008766316643078,-8.365511894226074e-09,-8.365511894226074e-11
9609,5.129072815179825e-09,2.0086529624155722,6.57886266708374e-09,6.578862667083741e-11
9619,-2.366537228226662e-09,2.008622843537899,-8.464604616165162e-09,-8.464604616165162e-11
9628,5.028583109378815e-09,2.0087897806188093,6.367266178131104e-09,6.367266178131103e-11
9639,-2.419250085949898e-09,2.0086389192449863,-8.575618267059326e-09,-8.575618267059327e-11
9649,5.139317363500595e-09,2.008797211008193,6.61015510559082e-09,6.61015510559082e-11
9659,-2.3552216589450838e-09,2.008731816400355,-8.402764797210694e-09,-8.402764797210695e-11
9670,5.183694884181023e-09,2.008673080700915,6.686896085739136e-09,6.686896085739136e-11
9680,-2.3132190108299255e-09,2.008841909497511,-8.334964513778687e-09,-8.334964513778687e-11
9690,4.995055496692658e-09,2.0086471386830325,6.3590705394744876e-09,6.359070539474488e-11
9700,-2.6057939976453783e-09,2.00878453577864,-8.912384510040284e-09,-8.912384510040285e-11
9710,5.1246490329504016e-09,2.0087050777509345,6.561726331710816e-09,6.561726331710816e-11
9720,-2.4543143808841705e-09,2.0086606094699353,-8.674710988998414e-09,-8.674710988998414e-11
9730,5.1486305892467505e-09,2.008791760703735,6.636232137680054e-09,6.636232137680054e-11
9740,-2.6104506105184556e-09,2.0085693686812185,-8.954107761383056e-09,-8.954107761383057e-11
9751,5.129259079694748e-09,2.0087678881083617,6.59748911857605e-09,6.59748911857605e-11
9761,-2.5155954062938693e-09,2.008677337234095,-8.7641179561615e-09,-8.7641179561615e-11
9770,5.173729732632637e-09,2.0085966362334324,6.7003071308135985e-09,6.700307130813598e-11
9778,-2.6182737201452255e-09,2.008737757774117,-8.974969387054444e-09,-8.974969387054444e-11
9787,4.974799230694771e-09,2.0085417394781953,6.267428398132325e-09,6.267428398132325e-11
9798,-2.50241719186306e-09,2.0086840792824048,-8.763372898101808e-09,-8.763372898101808e-11
9808,5.254009738564491e-09,2.0086293445426504,6.8552792072296145e-09,6.855279207229615e-11
9820,-2.7186702936887742e-09,2.008561204995448,-9.141862392425538e-09,-9.141862392425538e-11
9828,5.1908660680055624e-09,2.0087331633206458,6.6846609115600586e-09,6.684660911560059e-11
9839,-2.5833025574684143e-09,2.0086070180300624,-8.907169103622437e-09,-8.907169103622437e-11
9848,5.356734618544579e-09,2.0087852620834488,7.062405347824097e-09,7.062405347824098e-11
9859,-2.5672372430562976e-09,2.0086612091296354,-8.840113878250123e-09,-8.840113878250122e-11
9871,5.440274253487587e-09,2.008581505861646,7.193535566329956e-09,7.193535566329956e-11
9879,-2.5999732315540314e-09,2.0087134889177047,-8.946657180786133e-09,-8.946657180786134e-11
9889,5.387701094150543e-09,2.0085922687611544,7.127970457077026e-09,7.127970457077027e-11
9899,-2.765422686934471e-09,2.0087473995960785,-9.247660636901856e-09,-9.247660636901856e-11
9909,5.3567811846733096e-09,2.008682270206884,7.029622793197632e-09,7.029622793197632e-11
9921,-2.7295202016830445e-09,2.0086117698924615,-9.199231863021852e-09,-9.199231863021852e-11
9930,5.312683060765267e-09,2.0087938630274498,6.929785013198853e-09,6.929785013198853e-11
9940,-2.815341576933861e-09,2.0085724511958194,-9.378790855407716e-09,-9.378790855407716e-11
9950,5.4332893341779715e-09,2.008740259221103,7.204711437225342e-09,7.204711437225343e-11
9960,-2.751080319285393e-09,2.008649278352177,-9.22679901123047e-09,-9.226799011230471e-11
9970,5.410565063357354e-09,2.008632965185959,7.166713476181031e-09,7.166713476181031e-11
9980,-2.7818139642477038e-09,2.008744629704766,-9.266287088394165e-09,-9.266287088394165e-11
9991,5.511846393346787e-09,2.0085687138513197,7.3939561843872075e-09,7.393956184387207e-11
10001,-2.8655398637056354e-09,2.0087701984148474,-9.480118751525879e-09,-9.480118751525878e-11
10011,5.478598177433014e-09,2.0086515153610613,7.307529449462891e-09,7.307529449462891e-11
10021,-2.8247013688087467e-09,2.008602280859323,-9.386241436004639e-09,-9.386241436004639e-11
10028,5.514081567525864e-09,2.0087794306938074,7.3730945587158206e-09,7.37309455871582e-11
10038,-2.8176698833703997e-09,2.008578249352332,-9.355694055557251e-09,-9.355694055557251e-11
10048,5.6758522987365725e-09,2.0087407027225477,7.688254117965699e-09,7.688254117965698e-11
