timestamp,voltage_uV,reflected_power_dbm
-0.06775903701782227,5500,-16.82947654724121
0.25010180473327637,13875,-11.860722732543945
0.5779101848602295,16125,-11.892130088806152
0.9069023132324219,18000,-11.908813667297363
1.2325117588043213,19750,-11.917906951904296
1.5646617412567139,21375,-11.933228683471679
1.8932502269744873,23125,-11.937939834594726
2.2145607471466064,24625,-11.933113288879394
2.546626567840576,26375,-11.917738151550292
2.889040470123291,27750,-11.91869945526123
3.215559482574463,29500,-11.93614501953125
3.5586509704589844,31000,-11.930037689208984
3.8924996852874756,32500,-11.937761497497558
4.223973751068115,34000,-11.928646278381347
4.545412540435791,35625,-11.924682807922363
4.876997470855713,37000,-11.99111385345459
5.202194929122925,38500,-11.979563903808593
5.534466505050659,39875,-11.951155853271484
5.865652799606323,41500,-11.963083457946777
6.19713020324707,43000,-12.008757781982421
6.519556045532227,44250,-11.996957969665527
6.860610723495483,45750,-12.00556583404541
7.185840129852295,47375,-12.016435813903808
7.528230905532837,48875,-12.041224670410156
7.855483055114746,50250,-12.0507022857666
8.186267137527466,51750,-12.061159324645995
8.51761269569397,53125,-12.071204376220702
8.849738836288452,54375,-12.067579460144042
9.181949138641357,56000,-12.07537670135498
9.505937099456787,57500,-12.145029258728027
9.837305307388306,58875,-12.143387985229491
10.168382167816162,60250,-12.148627471923827
10.50133728981018,61625,-12.129285049438476
10.833066463470459,63125,-12.119954299926757
11.1650550365448,64375,-12.10235137939453
11.50766396522522,66000,-12.156618309020995
11.829107761383057,67500,-12.15693016052246
12.160345077514648,68625,-12.160917472839355
12.490480184555054,70375,-12.157048416137695
12.821261405944824,71375,-12.214162063598632
13.154806852340698,72875,-12.217970085144042
13.493069887161255,74125,-12.21449966430664
13.817989826202393,75750,-12.194436264038085
14.14957308769226,77000,-12.215748977661132
14.483137130737305,78500,-12.179777336120605
14.81480598449707,79875,-12.208198738098144
15.145742416381836,81125,-12.220122528076171
15.4863440990448,82625,-12.238636207580566
15.814857721328735,83750,-12.19436092376709
16.13654637336731,85250,-12.233729553222656
16.468603372573853,86500,-12.2499849319458
16.79858660697937,88125,-12.241439056396484
17.12944197654724,89125,-12.220241737365722
17.460920333862305,90625,-12.20943088531494
17.791056394577026,91875,-12.264745903015136
18.131370306015015,93250,-12.310561370849609
18.464009523391724,94625,-12.287847709655761
18.78518295288086,96000,-12.273220252990722
19.117640495300293,97500,-12.230954360961913
19.4695041179657,98500,-12.276617240905761
19.791829347610474,100250,-12.30518741607666
20.113534688949585,101125,-12.235289764404296
20.444409608840942,102875,-12.29853172302246
20.775522708892822,104125,-12.284908485412597
21.107439517974854,105250,-12.307191085815429
21.432195901870728,106750,-12.29786319732666
21.763832807540894,107875,-12.34319896697998
22.1047580242157,109125,-12.358232688903808
22.437300205230713,110750,-12.322323036193847
22.7600417137146,111875,-12.344901275634765
23.093003273010254,113125,-12.356802177429199
23.424877166748047,114750,-12.399014663696288
23.778562307357788,115875,-12.395048332214355
24.1003839969635,117250,-12.360037994384765
24.424283742904663,118500,-12.352040481567382
24.744760990142822,120000,-12.36812229156494
25.081591844558716,121000,-12.393198204040527
25.415258407592773,122500,-12.367057991027831
25.757465600967407,123500,-12.351592254638671
26.08925199508667,125000,-12.340651702880859
26.417736768722534,126250,-12.384897422790527
26.738630771636963,127375,-12.355170440673827
27.070701837539673,128875,-12.385239791870116
27.39304494857788,130375,-12.390902709960937
27.724056243896484,131625,-12.35904426574707
28.06551241874695,132750,-12.369312477111816
28.39933681488037,134125,-12.409975242614745
28.742376804351807,135375,-12.407741737365722
29.063416004180908,136375,-12.396208953857421
29.394511938095093,137875,-12.32942886352539
29.725861072540283,138875,-12.372080993652343
30.048789024353027,140625,-12.398079109191894
30.389415502548218,141750,-12.322632980346679
30.720287561416626,142750,-12.381338310241699
31.06584143638611,144375,-12.348605346679687
31.389312505722046,145500,-12.402733039855956
31.710078716278076,146750,-12.366449546813964
32.04100751876831,148125,-12.345927429199218
32.37229537963867,149500,-12.360734176635741
32.70591592788696,150750,-12.42792911529541
33.03979563713074,152125,-12.362793159484863
33.3715283870697,153250,-12.372379493713378
33.703388690948486,154625,-12.429002952575683
34.02667284011841,155750,-12.413512420654296
34.358704805374146,156750,-12.446827125549316
34.70012855529785,158250,-12.419096183776855
35.02246308326721,159750,-12.453413200378417
35.355548620224,160750,-12.44059772491455
35.68743395805359,162000,-12.403032493591308
36.01897883415222,163500,-12.410981369018554
36.35035037994385,164625,-12.406561088562011
36.682847023010254,166000,-12.39001293182373
37.005046129226685,166875,-12.431217384338378
37.33645415306091,168500,-12.442948532104491
37.68790245056152,169625,-12.432097625732421
38.010300159454346,171000,-12.467593383789062
38.345731019973755,172000,-12.38207550048828
38.67353343963623,173250,-12.395034027099609
39.004576683044434,174375,-12.464822959899902
39.33806014060974,175750,-12.44332332611084
39.6688551902771,177125,-12.4841157913208
39.999982833862305,178375,-12.433325004577636
40.335434436798096,179750,-12.416851234436034
40.65931534767151,180875,-12.422391128540038
41.00240468978882,181875,-12.46581573486328
41.34309983253479,183125,-12.455538940429687
41.66621446609497,184375,-12.402506065368652
41.98735857009888,186000,-12.428862762451171
42.309837341308594,186875,-12.441742134094238
42.641257762908936,188250,-12.37617130279541
42.97421097755432,189500,-12.40799446105957
43.305420875549316,190875,-12.441663932800292
43.63717484474182,191750,-12.377340507507324
43.96649146080017,193250,-12.394718360900878
44.3105845451355,194625,-12.44743366241455
44.64102482795715,195375,-12.478163909912109
44.972957134246826,196625,-12.43679256439209
45.30671715736389,198000,-12.47488613128662
45.62814116477966,199125,-12.493474197387695
45.964049339294434,200250,-12.473914337158202
46.292332887649536,201625,-12.43681640625
46.616899490356445,202875,-12.486259651184081
46.956955432891846,204125,-12.481330108642577
47.28836512565613,205375,-12.514067840576171
47.6094434261322,206750,-12.486305427551269
47.951520681381226,207750,-12.486377906799316
48.2839732170105,208875,-12.451319885253906
48.605106830596924,210250,-12.476922225952148
48.93614840507507,211375,-12.484550666809081
49.27937412261963,212875,-12.497727584838866
49.601723194122314,214125,-12.55680866241455
49.93298268318176,215250,-12.488899421691894
50.277079582214355,216500,-12.522155952453613
50.609060525894165,217250,-12.490181159973144
50.93011808395386,218750,-12.473587226867675
51.27185559272766,220125,-12.492118072509765
51.59344220161438,220875,-12.541259002685546
51.937597036361694,222500,-12.54206485748291
52.26946973800659,223625,-12.514268112182616
52.58999967575073,224625,-12.558645439147949
52.93140411376953,226125,-12.548236083984374
53.25481557846069,227375,-12.50170726776123
53.57547450065613,228375,-12.495665740966796
53.907146692276,229625,-12.530598831176757
54.23821258544922,230750,-12.512529563903808
54.5660674571991,232125,-12.496402931213378
54.89833092689514,233375,-12.547834587097167
55.23063635826111,234500,-12.55185146331787
55.562389850616455,235875,-12.53461570739746
55.89561343193054,236750,-12.537003707885741
56.22729825973511,238125,-12.598846626281738
56.55957317352295,239375,-12.571844291687011
56.89402651786804,240500,-12.541840744018554
57.22423577308655,241625,-12.483401489257812
57.55523204803467,243000,-12.483998489379882
57.88635849952698,243875,-12.51282615661621
58.22679138183594,245000,-12.55971450805664
58.548912525177,246500,-12.52757568359375
58.87602877616882,247750,-12.466629219055175
59.20753455162048,248500,-12.548665237426757
59.54018831253052,249875,-12.520199012756347
59.87328124046326,251250,-12.542471122741699
60.206679344177246,252500,-12.548763465881347
60.53754448890686,253375,-12.607682418823241
60.87002348899841,254750,-12.479618263244628
61.2008740901947,256000,-12.528168869018554
61.53139305114746,257250,-12.585738372802734
61.86332035064697,258250,-12.616570663452148
62.18474793434143,259375,-12.589159202575683
62.528435707092285,260875,-12.543252182006835
62.85010313987732,262000,-12.602389526367187
63.1818106174469,262750,-12.532927703857421
63.5141339302063,264375,-12.5387451171875
63.85860729217529,265375,-12.608347129821777
64.18911719322205,266875,-12.579993438720702
64.51983523368835,268000,-12.576051902770995
64.84525203704834,269125,-12.548639488220214
65.16693592071533,270375,-12.495247077941894
65.50871157646179,271125,-12.61946792602539
65.83067297935486,272500,-12.58826847076416
66.17298293113708,273625,-12.588873100280761
66.4950053691864,274875,-12.53295440673828
66.82468557357788,276125,-12.565952491760253
67.15664911270142,277375,-12.605927658081054
67.49034690856934,278250,-12.626430702209472
67.81758260726929,279625,-12.586547088623046
68.15593838691711,281000,-12.530913543701171
68.47726726531982,282125,-12.574850273132324
68.80933022499084,283250,-12.57821102142334
69.14187908172607,284125,-12.627473068237304
69.4754331111908,285500,-12.613400650024413
69.80653619766235,286750,-12.640375328063964
70.14027905464172,287875,-12.603624534606933
70.47226476669312,288625,-12.625919532775878
70.80264687538147,290250,-12.590482902526855
71.13551259040833,291375,-12.596991729736327
71.46512746810913,292375,-12.57876033782959
71.79734969139099,293500,-12.601179313659667
72.12776637077332,294625,-12.59942169189453
72.46842312812805,296000,-12.633196067810058
72.79078912734985,297125,-12.65518398284912
73.12942004203796,298375,-12.633558464050292
73.45368909835815,299500,-12.639593315124511
73.7857916355133,300625,-12.592433166503906
74.11694717407227,301625,-12.666313362121581
74.44948172569275,303125,-12.664122772216796
74.77201294898987,304000,-12.596573066711425
75.11401438713074,305375,-12.668999862670898
75.44640111923218,306500,-12.647670936584472
75.76844501495361,307500,-12.610106658935546
76.09970903396606,308625,-12.646990966796874
76.43162488937378,309625,-12.635760498046874
76.76469683647156,311000,-12.6439640045166
77.09632420539856,312125,-12.57355613708496
77.4274582862854,313625,-12.58101291656494
77.7495551109314,314375,-12.611808967590331
78.08348441123962,315500,-12.610948753356933
78.42483472824097,317000,-12.616194915771484
78.75635170936584,318125,-12.639078330993652
79.08683395385742,319000,-12.61739559173584
79.40968918800354,320375,-12.650834274291991
79.74562740325928,321125,-12.643045616149902
80.07325458526611,322625,-12.67079849243164
80.40555953979492,323625,-12.647973251342773
80.738454580307,324875,-12.689622116088866
81.06829810142517,326000,-12.655079078674316
81.40943598747253,327000,-12.735152435302734
81.74479579925537,328625,-12.66050453186035
82.06655812263489,329375,-12.706657600402831
82.39855766296387,330750,-12.720319938659667
82.71979093551636,331625,-12.711638641357421
83.05343723297119,332875,-12.652652931213378
83.38824772834778,334125,-12.621527862548827
83.71555209159851,335375,-12.696296882629394
84.04671359062195,336375,-12.664850425720214
84.38148307800293,337875,-12.666586112976074
84.70644855499268,339000,-12.674966049194335
85.03784251213074,339875,-12.661519241333007
85.36906838417053,340750,-12.72754783630371
85.70285987854004,342000,-12.691119384765624
86.03491353988647,343125,-12.64363784790039
86.36718726158142,344500,-12.726040077209472
86.6986792087555,345750,-12.72029800415039
87.03152251243591,346750,-12.654402923583984
87.36264657974243,348000,-12.64217014312744
87.6833758354187,349125,-12.685010147094726
88.02403426170349,349875,-12.673637580871581
88.35796785354614,351125,-12.655328941345214
88.68913793563843,352750,-12.678853225708007
89.02016830444336,353750,-12.674409103393554
89.35169053077698,354875,-12.718851280212402
89.68522071838379,356000,-12.662993621826171
90.01678109169006,356875,-12.750207138061523
90.3487057685852,358000,-12.737965774536132
90.67957139015198,359125,-12.697818946838378
91.00202536582947,360375,-12.67659683227539
91.33424997329712,361500,-12.690650177001952
91.67245388031006,362500,-12.742519569396972
92.00727725028992,363625,-12.740382385253906
92.34138941764832,364750,-12.712393951416015
92.67444705963135,366375,-12.725188446044921
92.99460315704346,367375,-12.726798248291015
93.34553503990173,368125,-12.75485725402832
93.67577934265137,369750,-12.768517684936523
93.99629783630371,370750,-12.765249443054199
94.33760976791382,371625,-12.782388877868652
94.65967917442322,372875,-12.711710166931152
94.99562048912048,374250,-12.706805419921874
95.31736755371094,375375,-12.730969619750976
95.64980435371399,376250,-12.72515411376953
95.98184418678284,377500,-12.779058647155761
96.31526327133179,378500,-12.739407730102538
96.64387130737305,379625,-12.742309761047363
96.97496175765991,381000,-12.774460983276366
97.30041551589966,382000,-12.764034461975097
97.63530230522156,383000,-12.759417724609374
97.96704816818237,384500,-12.715986442565917
98.28929686546326,385250,-12.7240478515625
98.63124012947083,386500,-12.748414230346679
98.9739339351654,387500,-12.726332855224609
99.29586172103882,388750,-12.795215797424316
99.6174304485321,389750,-12.745391082763671
99.94879221916199,390875,-12.792613220214843
100.2808165550232,391875,-12.799551200866699
100.61330819129944,393500,-12.753939819335937
100.94579577445984,394500,-12.725071144104003
101.27730107307434,395500,-12.834830474853515
101.61115860939026,396875,-12.8123628616333
101.94514846801758,397625,-12.820526313781738
102.27677774429321,398875,-12.80195255279541
102.60850095748901,400125,-12.795616340637206
102.93140912055969,401125,-12.813487243652343
103.27545952796936,402250,-12.856401634216308
103.60123586654663,403625,-12.786538314819335
103.92919063568115,404625,-12.80412311553955
104.26168203353882,405750,-12.774252128601074
104.60415840148926,406625,-12.830521774291991
104.9254732131958,408000,-12.84651584625244
105.25771117210388,408875,-12.809547615051269
105.59014701843262,410125,-12.840121459960937
105.91520643234253,411375,-12.836844635009765
106.24584436416626,412500,-12.839044761657714
106.59733295440674,413500,-12.812950325012206
106.92553186416626,414875,-12.83239288330078
107.24711585044861,415625,-12.798010063171386
107.56948471069336,416875,-12.81076545715332
107.90041661262512,417750,-12.812981796264648
108.2317566871643,419125,-12.817592811584472
108.56290221214294,420000,-12.811878395080566
108.89814281463623,421500,-12.78199405670166
109.2273302078247,422625,-12.823431205749511
109.56094145774841,423375,-12.838564109802245
109.9021143913269,424750,-12.899180603027343
110.22404456138611,425625,-12.888861846923827
110.55651235580444,427000,-12.888091278076171
110.88784289360046,428125,-12.868869972229003
111.24021887779236,428875,-12.945997428894042
111.56337475776672,430000,-12.826914024353027
111.89493298530579,431625,-12.839370918273925
112.21875405311584,432375,-12.797960472106933
112.54813289642334,433625,-12.879394721984863
112.87050700187683,434500,-12.847775650024413
113.20932579040527,435625,-12.869310569763183
113.55576539039612,437125,-12.858831596374511
113.87764930725098,438000,-12.874221038818359
114.19907426834106,439250,-12.896310997009277
114.53116178512573,440125,-12.884988021850585
114.86238670349121,441500,-12.905228805541991
115.19490599632263,442500,-12.886717987060546
115.53644180297852,443375,-12.90528507232666
115.86696672439575,444875,-12.896821212768554
116.18910813331604,445625,-12.8598482131958
116.51539993286133,446750,-12.883349609375
116.8473253250122,448250,-12.861038398742675
117.17873883247375,448875,-12.877605628967284
117.51540088653564,450000,-12.882785987854003
117.84633302688599,451500,-12.906164360046386
118.1875147819519,452375,-12.84195156097412
118.52117538452148,453375,-12.937896919250488
118.84407687187195,454625,-12.858552169799804
119.17610883712769,455875,-12.909704399108886
119.49747610092163,457000,-12.909900856018066
119.83129811286926,458000,-12.912992668151855
120.16233468055725,459375,-12.877930831909179
120.49368262290955,460250,-12.905129623413085
120.81603026390076,461250,-12.868987274169921
121.15889048576355,462375,-12.914617729187011
121.489581823349,463750,-12.896965217590331
121.82076597213745,464375,-12.926141929626464
122.15118646621704,465750,-12.91611976623535
122.4846568107605,466625,-12.917180252075195
122.81581687927246,468125,-12.963559341430663
123.14285445213318,469000,-13.000541877746581
123.46896982192993,470125,-12.981887054443359
123.80585241317749,470875,-12.970544052124023
124.13694667816162,472125,-12.929114532470702
124.46500587463379,473125,-12.906536293029784
124.80747938156128,474375,-12.968227577209472
125.12964487075806,475250,-12.910553169250488
125.46223545074463,476750,-12.958298873901366
125.79449725151062,477875,-12.939211082458495
126.12604236602783,478750,-12.923048210144042
126.4597716331482,480000,-12.917046737670898
126.7821192741394,481250,-12.937963676452636
127.12618708610535,482125,-12.975319099426269
127.45384335517883,483250,-12.957637977600097
127.78247714042664,484375,-12.950843048095702
128.11473393440247,485500,-12.959737968444824
128.4474151134491,486625,-12.933926773071288
128.77491068840027,487500,-12.89704246520996
129.10683059692383,488625,-12.955633354187011
129.43819332122803,490125,-12.958840560913085
129.77064776420593,490750,-12.944570732116699
130.10515093803406,492250,-12.92245979309082
130.42839097976685,492875,-12.941741180419921
130.7599446773529,494375,-12.897786331176757
131.09283137321472,495125,-12.960194778442382
131.4349343776703,496250,-12.93116111755371
131.76476669311523,497500,-12.960043144226074
132.0925371646881,498750,-12.953780364990234
132.4334888458252,500000,-13.007559013366699
132.75579452514648,500875,-13.001746368408202
133.07802605628967,501875,-13.003165435791015
133.40902662277222,503000,-12.994025421142577
133.74297070503235,503875,-12.982545089721679
134.07556343078613,505000,-12.97655792236328
134.40826439857483,506250,-13.003890228271484
134.72983622550964,507500,-12.966170501708984
135.06176352500916,508125,-13.02252025604248
135.39207339286804,509625,-12.970974159240722
135.7230339050293,510625,-12.95663948059082
136.05577087402344,511375,-12.953680229187011
136.38933062553406,512750,-12.972609710693359
136.72177839279175,513875,-12.995045852661132
137.05341958999634,515000,-12.937215995788574
137.3850064277649,515875,-12.957573127746581
137.71675515174866,516875,-12.959686470031738
138.0491120815277,518000,-13.038165283203124
138.38034915924072,519250,-12.999009323120116
138.7031524181366,520250,-12.971401405334472
139.0357096195221,521375,-13.003885459899902
139.36770391464233,522625,-12.99917812347412
139.70010423660278,523625,-13.017276954650878
140.0330216884613,524500,-13.009120178222656
140.36481547355652,525750,-13.016496849060058
140.69523358345032,526625,-13.012703132629394
141.0267198085785,527875,-13.028571319580077
141.35961246490479,528875,-13.030015182495116
141.6955645084381,530000,-13.021805000305175
142.01875233650208,530875,-13.130548667907714
142.35225749015808,532375,-13.061226081848144
142.69007062911987,533375,-13.039712142944335
143.01628518104553,534250,-13.071549606323241
143.34795880317688,535625,-13.063719940185546
143.67914390563965,536625,-13.055454444885253
144.02079486846924,537625,-13.050273132324218
144.3421025276184,538500,-13.080400657653808
144.6734573841095,539875,-13.063200187683105
145.00675654411316,540750,-13.105071258544921
145.33791303634644,542125,-13.112246704101562
145.66910648345947,542875,-13.07601375579834
146.0024995803833,544250,-13.071971130371093
146.32568359375,545250,-13.05849380493164
146.65658283233643,546125,-13.131350708007812
146.9880428314209,547500,-13.078591537475585
147.33822584152222,548625,-13.045561027526855
147.6590917110443,549375,-13.117296409606933
147.9893877506256,550250,-13.128105354309081
148.31980848312378,551625,-13.066453170776366
148.65113472938538,552875,-13.079934310913085
148.98282837867737,553625,-13.048096847534179
149.30563354492188,554750,-13.065931510925292
149.65687775611877,556000,-13.121008110046386
149.9778492450714,556875,-13.073011589050292
150.30499148368835,557750,-13.068499755859374
150.64421701431274,559125,-13.103638839721679
150.96606040000916,560375,-13.113260459899902
151.297954082489,561250,-13.121830177307128
151.62956357002258,562500,-13.104400825500488
151.96100735664368,563125,-13.120083045959472
152.2922785282135,564250,-13.116491508483886
152.62410283088684,565250,-13.120653343200683
152.9477026462555,566375,-13.088423919677734
153.2791199684143,567750,-13.086586189270019
153.61311531066895,568625,-13.098087501525878
153.9520390033722,570000,-13.099855613708495
154.28477263450623,571000,-13.087775421142577
154.6059808731079,572250,-13.110416603088378
154.93682718276978,573000,-13.160518836975097
155.27833342552185,573875,-13.141157341003417
155.6006805896759,575375,-13.124893379211425
155.9326250553131,576125,-13.155739974975585
156.27448773384094,577000,-13.200640869140624
156.59759545326233,578375,-13.17259521484375
156.9307336807251,579125,-13.157049369812011
157.2617223262787,580500,-13.179106903076171
157.61243152618408,581375,-13.157077980041503
157.93584418296814,582875,-13.188972663879394
158.25799536705017,583500,-13.184414100646972
158.58001017570496,584750,-13.181862068176269
158.91205525398254,585875,-13.121524047851562
159.24434971809387,587000,-13.18660945892334
159.5757133960724,587750,-13.141569328308105
159.9071080684662,589125,-13.170655441284179
160.23838686943054,589875,-13.212943267822265
160.56650519371033,591000,-13.149718475341796
160.89961910247803,592125,-13.153275680541991
161.23093008995056,592875,-13.169757080078124
161.57501673698425,594375,-13.189202499389648
161.8973526954651,595500,-13.205919456481933
162.23399305343628,596250,-13.175101470947265
162.56105494499207,597375,-13.227350425720214
162.89368557929993,598375,-13.210364532470702
163.22508931159973,599750,-13.225013923645019
163.54487895965576,600750,-13.189151954650878
163.88624620437622,601625,-13.190267753601074
164.21905040740967,602625,-13.215931129455566
164.54075002670288,603875,-13.208723258972167
164.87234807014465,604500,-13.177324485778808
165.21357798576355,606000,-13.245403480529784
165.5400369167328,607125,-13.235305976867675
165.86911177635193,608125,-13.226152610778808
166.20272088050842,609125,-13.23731346130371
166.54468202590942,610000,-13.219816398620605
166.86760902404785,611000,-13.265350532531738
167.19900727272034,612250,-13.311446380615234
167.52052640914917,613250,-13.294779968261718
167.85162711143494,614125,-13.30941982269287
168.18443894386292,615500,-13.23756046295166
168.51600527763367,616125,-13.317863655090331
168.84620809555054,617500,-13.2611515045166
169.17781019210815,618375,-13.301548194885253
169.51540994644165,619750,-13.264682960510253
169.84791541099548,620625,-13.29081745147705
170.17921686172485,621625,-13.3103515625
170.51529097557068,622625,-13.32354278564453
170.83634877204895,623625,-13.34759063720703
171.16870498657227,624750,-13.300159645080566
171.5001528263092,625625,-13.316859436035156
171.85263442993164,626625,-13.2637149810791
172.17376899719238,628000,-13.336502265930175
172.504549741745,629125,-13.301126670837402
172.82785081863403,629875,-13.34479923248291
173.16070818901062,631125,-13.300735664367675
173.49181127548218,631875,-13.364190292358398
173.82246804237366,633000,-13.396746826171874
174.17404651641846,633875,-13.391794395446777
174.4960880279541,635125,-13.386421394348144
174.8281285762787,636500,-13.265055847167968
175.16086316108704,637500,-13.371615600585937
175.4828760623932,638375,-13.35342617034912
175.81526803970337,639500,-13.37776870727539
176.13669633865356,640250,-13.390896034240722
176.46811485290527,641625,-13.344177436828613
176.79967594146729,642500,-13.321858596801757
177.132488489151,643250,-13.305180740356445
177.46430277824402,644500,-13.35810489654541
177.7974774837494,645875,-13.295718383789062
178.1289987564087,646500,-13.336215209960937
178.4712517261505,647875,-13.31032485961914
178.80464100837708,648750,-13.295760345458984
179.13664293289185,649500,-13.34176845550537
179.4578070640564,650625,-13.32589931488037
179.78794407844543,651750,-13.267242622375488
180.1109163761139,652875,-13.316341590881347
180.44325494766235,653500,-13.305545043945312
180.77543592453003,655000,-13.376713943481445
181.10726475715637,655750,-13.348381233215331
181.44031691551208,656875,-13.35550422668457
181.77311515808105,658000,-13.382835578918456
182.10357642173767,658625,-13.32716007232666
182.43519759178162,659625,-13.336323928833007
182.7677252292633,660875,-13.299557876586913
183.09573197364807,662000,-13.32707233428955
183.42787146568298,663000,-13.311967086791991
183.75859022140503,664375,-13.349126052856445
184.09583258628845,665250,-13.353438568115234
184.41744112968445,666500,-13.365057182312011
184.7496476173401,667500,-13.30787296295166
185.08134508132935,668125,-13.297499847412109
185.4158902168274,669125,-13.324130249023437
185.74708533287048,670125,-13.356076431274413
186.07936310768127,671125,-13.33651943206787
186.41098761558533,672250,-13.301505279541015
186.74307942390442,673500,-13.372921180725097
187.07457947731018,674625,-13.362916183471679
187.40584421157837,675625,-13.361246299743652
187.73765325546265,676375,-13.39923973083496
188.07121014595032,677375,-13.381777954101562
188.4032437801361,678375,-13.362735939025878
188.7252278327942,679500,-13.413233947753906
189.05742597579956,680375,-13.3827392578125
189.39117002487183,681250,-13.409254264831542
189.72251343727112,682250,-13.39711399078369
190.05429410934448,683500,-13.38400764465332
190.38446164131165,684625,-13.42266674041748
190.7188277244568,685500,-13.43441982269287
191.05071711540222,686375,-13.418676567077636
191.38169836997986,687250,-13.427696418762206
191.7131311893463,688750,-13.416245651245116
192.04641819000244,689625,-13.432457160949706
192.37792658805847,690750,-13.355929565429687
192.70962285995483,692000,-13.398270797729491
193.0413739681244,692500,-13.433539581298827
193.37331700325012,693750,-13.466014099121093
193.69919991493225,694875,-13.428184700012206
194.03580617904663,695500,-13.415084075927734
194.36687874794006,697000,-13.407200050354003
194.69092178344727,697750,-13.435122680664062
195.03155899047852,698500,-13.39955825805664
195.36251640319824,699750,-13.444973182678222
195.69316935539246,701000,-13.4451753616333
196.0248520374298,701500,-13.44484920501709
196.3575189113617,703000,-13.448284339904784
196.67841291427612,703875,-13.42411823272705
197.00906825065613,704500,-13.512368392944335
197.3417158126831,705875,-13.472387504577636
197.69339156150818,707000,-13.474322509765624
198.0148777961731,707875,-13.500150871276855
198.33585786819458,708750,-13.523402404785156
198.68098616600037,709875,-13.471656036376952
199.00189304351807,711375,-13.459977340698241
199.33418726921082,712250,-13.544658851623534
199.6776487827301,713250,-13.521181297302245
200.00152397155762,713875,-13.52097816467285
200.32388162612915,715125,-13.44600601196289
200.65544247627258,716375,-13.49059886932373
200.985915184021,717500,-13.487576675415038
201.32815718650818,718125,-13.485463333129882
201.6489381790161,719375,-13.511027526855468
201.990540266037,720500,-13.53946418762207
202.32407569885254,721000,-13.496143531799316
202.6455535888672,722500,-13.487429809570312
202.977637052536,723250,-13.483402442932128
203.30921077728271,724625,-13.507484626770019
203.6423237323761,725500,-13.55083770751953
203.97403001785278,726625,-13.543307495117187
204.3056104183197,727625,-13.564127159118652
204.65868091583252,728625,-13.539162826538085
204.98246049880981,729625,-13.527140808105468
205.3142385482788,730500,-13.521647644042968
205.6446008682251,731625,-13.500977706909179
205.9653615951538,732875,-13.516175460815429
206.29653120040894,733750,-13.529513549804687
206.6279239654541,734500,-13.500993919372558
206.9597463607788,735500,-13.504600715637206
207.29560661315918,736500,-13.503553581237792
207.61904644966125,738000,-13.550422859191894
207.95169949531555,739000,-13.54301471710205
208.28322005271912,739750,-13.559126091003417
208.62374687194824,740875,-13.545532417297363
208.94727301597595,741625,-13.485686492919921
209.27877712249756,742625,-13.495314788818359
209.60054850578308,743625,-13.524566841125488
209.9369547367096,744875,-13.569019508361816
210.26602005958557,746000,-13.552423667907714
210.59722876548767,747000,-13.552627754211425
210.92898392677307,747625,-13.603101921081542
211.26089596748352,748875,-13.562217903137206
211.59409880638123,750125,-13.566127014160156
211.9256296157837,751250,-13.585129928588866
212.2578296661377,752000,-13.583902549743652
212.59897255897522,753250,-13.650777053833007
212.92573618888855,754250,-13.561918449401855
213.2465660572052,755250,-13.623232078552245
213.57803392410278,756375,-13.570824813842773
213.91474843025208,757375,-13.627258491516113
214.24791145324707,758000,-13.564087104797363
214.5887908935547,759125,-13.551982116699218
214.9102966785431,760250,-13.599822235107421
215.24390196800232,761375,-13.606230926513671
215.57331109046936,762500,-13.572078895568847
215.9043309688568,763125,-13.560944747924804
216.23621726036072,764375,-13.596208763122558
216.5583610534668,765125,-13.54171962738037
216.91061758995056,766250,-13.551537704467773
217.2322862148285,767125,-13.603078079223632
217.55618715286255,768500,-13.574423027038574
217.886048078537,769250,-13.538357925415038
218.2189598083496,770625,-13.585416030883788
218.550799369812,771250,-13.584724617004394
218.88200736045837,772375,-13.638599586486816
219.21455097198486,773250,-13.601566505432128
219.54683566093445,774500,-13.580956649780273
219.8690700531006,775250,-13.626718711853027
220.20672488212585,776625,-13.581698608398437
220.54286193847656,777250,-13.5712100982666
220.86627197265625,778125,-13.557328414916991
221.1974585056305,779625,-13.627523612976074
221.53864860534668,780250,-13.57402057647705
221.86413049697876,781625,-13.625192832946777
222.18758487701416,782625,-13.626061630249023
222.5186414718628,783375,-13.598929595947265
222.86041021347046,784750,-13.666581344604491
223.19097471237183,785500,-13.639072608947753
223.51411962509155,786375,-13.620832633972167
223.84561610221863,787375,-13.592071723937988
224.17856788635254,788625,-13.67223663330078
224.5100977420807,789625,-13.640530776977538
224.8424835205078,790625,-13.644976806640624
225.17438983917236,791750,-13.620446395874023
225.5152223110199,792750,-13.590085220336913
225.84851956367493,793875,-13.562955093383788
226.16578888893127,794625,-13.619252395629882
226.49887037277222,795750,-13.613051605224609
226.8304464817047,796875,-13.640321922302245
227.16251850128174,797500,-13.636967849731445
227.48583221435547,798625,-13.660004806518554
227.82752513885498,799750,-13.65131492614746
228.14988565444946,800750,-13.63506622314453
228.48341536521912,801625,-13.657754135131835
228.81491374969482,803000,-13.619702529907226
229.1454610824585,803875,-13.585177612304687
229.47719502449036,804875,-13.655690383911132
229.81556463241577,806000,-13.638786506652831
230.14702463150024,806750,-13.675497245788574
230.47916984558105,807625,-13.670509529113769
230.8019859790802,808500,-13.679167938232421
231.13376879692078,809500,-13.66535587310791
231.4647605419159,811000,-13.721526336669921
231.79708051681519,811500,-13.682208251953124
232.1299295425415,813000,-13.663459014892577
232.46134305000305,813625,-13.71824951171875
232.79337286949158,814750,-13.697641563415527
233.12413430213928,815500,-13.715979766845702
233.45703506469727,816500,-13.736410331726074
233.78827834129333,817750,-13.70650691986084
234.1201195716858,818625,-13.72913761138916
234.45549631118774,820000,-13.680226516723632
234.78038001060486,820500,-13.697648239135741
235.12549996376038,822000,-13.709641647338866
235.44732284545898,822750,-13.70778293609619
235.76887011528015,823500,-13.726759147644042
236.11133480072021,824875,-13.706400108337402
236.44281697273254,826000,-13.675282669067382
236.77415680885315,826500,-13.715813827514648
237.10356616973877,828000,-13.664849472045898
237.43010473251343,828875,-13.71322078704834
237.76112937927246,829875,-13.718845558166503
238.0920925140381,830750,-13.688396644592284
238.424325466156,831875,-13.648280334472656
238.75640678405762,832750,-13.665211868286132
239.08643984794617,833875,-13.626182746887206
239.41855835914612,834375,-13.672434043884277
239.750581741333,836000,-13.755006027221679
240.08232259750366,836750,-13.702668380737304
240.4154496192932,838000,-13.71199436187744
240.74737071990967,838625,-13.673936080932616
241.07838821411133,839875,-13.692199897766113
241.40075159072876,840750,-13.703137588500976
241.74265789985657,841750,-13.702574920654296
242.06407260894775,842750,-13.778112602233886
242.3955729007721,843250,-13.726923179626464
242.7288146018982,844625,-13.693070602416991
243.0796947479248,845500,-13.696135711669921
243.40574145317078,846625,-13.681517791748046
243.73088192939758,847375,-13.764579010009765
244.06208157539368,849000,-13.787354660034179
244.39537811279297,849500,-13.764164161682128
244.7232587337494,850875,-13.780138206481933
245.05002760887146,851750,-13.813616943359374
245.38090205192566,852375,-13.851809692382812
245.7119209766388,853500,-13.79580135345459
246.04329538345337,854875,-13.815233421325683
246.37524271011353,855750,-13.81656093597412
246.70676517486572,856875,-13.825715255737304
247.03888201713562,857875,-13.835199546813964
247.36993384361267,858875,-13.833338928222656
247.69554233551025,859500,-13.810907554626464
248.03077745437622,860375,-13.752447319030761
248.36088347434998,861875,-13.804863166809081
248.69193196296692,862250,-13.848137092590331
249.03191423416138,863750,-13.813174438476562
249.35709738731384,864625,-13.87436122894287
249.68968033790588,865625,-13.85391445159912
250.02166318893433,866625,-13.84085578918457
250.35507202148438,867625,-13.820758056640624
250.68625617027283,868500,-13.820865821838378
251.0188591480255,869375,-13.785142135620116
251.3455686569214,870625,-13.781315040588378
251.67784547805786,871375,-13.824119758605956
252.01847076416016,872500,-13.801969718933105
252.3389027118683,873125,-13.833218765258788
252.66959524154663,874375,-13.847914886474609
253.00203227996826,875500,-13.818457794189452
253.33294701576233,876625,-13.855925750732421
253.66489362716675,877625,-13.790834617614745
253.99619221687317,878500,-13.808146667480468
254.3490288257599,879625,-13.852164459228515
254.68054819107056,880625,-13.864260864257812
255.0019235610962,881125,-13.81953067779541
255.32466173171997,882625,-13.833907318115234
255.6557273864746,883375,-13.887939643859863
255.9967634677887,884250,-13.864891242980956
256.33546018600464,885000,-13.876965713500976
256.657026052475,886250,-13.841940116882324
256.9784948825836,887250,-13.859131050109863
257.31130599975586,888375,-13.825426292419433
257.64484310150146,889500,-13.81613368988037
257.9767277240753,890125,-13.831146430969238
258.3073687553406,891000,-13.85499210357666
258.63817501068115,892000,-13.858429145812988
258.9605882167816,892875,-13.85529441833496
259.2913963794708,894250,-13.792992782592773
259.6321687698364,895000,-13.844150733947753
259.9550964832306,896375,-13.853003692626952
260.2863025665283,897250,-13.877998542785644
260.617329120636,898125,-13.8557559967041
260.9579699039459,898875,-13.909250450134277
261.2785518169403,900000,-13.87364501953125
261.61149621009827,901125,-13.871356201171874
261.9439449310303,901750,-13.89181728363037
262.27537655830383,903125,-13.909301948547363
262.60676550865173,904125,-13.877557945251464
262.9404766559601,904625,-13.894376945495605
263.2727246284485,905625,-13.853892517089843
263.604238986969,906625,-13.897407722473144
263.9374921321869,907750,-13.876002502441406
264.2717640399933,908875,-13.918512535095214
264.6034743785858,909500,-13.882358741760253
264.9346442222595,911000,-13.89268226623535
265.268602848053,911625,-13.838991355895995
265.6082170009613,912500,-13.8698579788208
265.9304814338684,913625,-13.94034023284912
266.25553464889526,914500,-13.911155891418456
266.59955406188965,915750,-13.904808235168456
266.9223256111145,916500,-13.88264102935791
267.2435007095337,917625,-13.934269142150878
267.5739312171936,918625,-13.876223754882812
267.9148714542389,919375,-13.877820205688476
268.23804116249084,920500,-13.925663185119628
268.5692012310028,921375,-13.91674346923828
268.90490651130676,922625,-13.891238403320312
269.22603487968445,923750,-13.91707248687744
269.56840920448303,924500,-13.837881278991699
269.89966344833374,925375,-13.88017578125
270.231543302536,926500,-13.91138858795166
270.5655210018158,927625,-13.939831924438476
270.88955068588257,928500,-13.86835594177246
271.22076535224915,929500,-13.884361457824706
271.5636649131775,930250,-13.885750007629394
271.8943214416504,931125,-13.903471183776855
272.2179605960846,932375,-13.950248908996581
272.5504698753357,933250,-13.975379180908202
272.8827974796295,934000,-13.932203483581542
273.2041485309601,935000,-13.929890823364257
273.5374069213867,936250,-13.99789638519287
273.8696150779724,937000,-13.985155296325683
274.20031571388245,937750,-13.963802528381347
274.5413999557495,938750,-13.955397796630859
274.86418199539185,940250,-13.979787063598632
275.1957471370697,941000,-13.990958404541015
275.54692578315735,941875,-13.975843620300292
275.86815547943115,942750,-14.005760383605956
276.19467329978943,943750,-13.98621482849121
276.52267575263977,944750,-13.920878601074218
276.8544931411743,945625,-13.974491310119628
277.18618869781494,946625,-13.984737586975097
277.5172321796417,948000,-14.00951976776123
277.8490424156189,948625,-14.033854675292968
278.1821916103363,949625,-14.014577102661132
278.51772570610046,950500,-13.9919921875
278.8495752811432,951875,-14.00561351776123
279.1811535358429,952375,-13.981248092651366
279.5134720802307,953375,-13.96363468170166
279.84594202041626,954250,-13.951661300659179
280.16773986816406,955750,-14.006114196777343
280.5049970149994,956750,-14.00841827392578
280.84208846092224,957375,-14.00019474029541
281.1678259372711,958500,-13.98955078125
281.50820660591125,959375,-14.00685806274414
281.8288767337799,960500,-14.021505546569824
282.18086981773376,961125,-14.010553550720214
282.50277733802795,962500,-14.039344978332519
282.8250992298126,962875,-14.02137107849121
283.15673184394836,964000,-13.972978782653808
283.48910117149353,965375,-14.021463584899902
283.8221745491028,966250,-13.993216705322265
284.15366101264954,967250,-14.05299015045166
284.48462200164795,967500,-14.00730628967285
284.81526732444763,968875,-14.041897010803222
285.14770913124084,970000,-13.987589073181152
285.46984338760376,971250,-14.039394569396972
285.8012864589691,971625,-14.015138816833495
286.1358473300934,972875,-13.99539680480957
286.46950340270996,973500,-14.029029083251952
286.7910659313202,974625,-14.118478965759277
287.1341416835785,975625,-14.042352867126464
287.4656674861908,976625,-14.034839820861816
287.7896876335144,977375,-14.075310897827148
288.1320011615753,978750,-14.037808609008788
288.45327401161194,979375,-14.07319278717041
288.78554582595825,980625,-14.089077186584472
289.1262261867523,981500,-14.10138816833496
289.46011447906494,982125,-14.095081520080566
289.79111766815186,983125,-14.030832481384277
290.11238265037537,984625,-14.10224552154541
290.44544792175293,985625,-14.030866813659667
290.7667396068573,986000,-14.059451293945312
291.09764528274536,987250,-14.034726333618163
291.430650472641,988125,-14.123419952392577
291.76444482803345,989000,-14.046031188964843
292.09549379348755,990375,-14.02341194152832
292.42625880241394,991125,-14.047631454467773
292.7576253414154,992125,-14.041898918151855
293.0879604816437,993000,-14.094594192504882
293.42083382606506,993875,-14.092610549926757
293.7724587917328,995000,-14.104356002807616
294.09475684165955,995875,-14.100959968566894
294.4263195991516,996500,-14.082755279541015
294.74476289749146,997875,-14.119513702392577
295.07592272758484,998750,-14.154111099243163
295.4084813594818,999750,-14.109624099731445
295.7398006916046,1000875,-14.124625396728515
296.07085633277893,1001625,-14.094124031066894
296.4023530483246,1002500,-14.151983451843261
296.7411367893219,1003500,-14.159208488464355
297.0614013671875,1004500,-14.110525321960449
297.39250898361206,1005500,-14.13036651611328
297.72386384010315,1006125,-14.150111389160156
298.06718587875366,1007250,-14.152759742736816
298.3994040489197,1008375,-14.136393737792968
298.7405059337616,1009250,-14.186248016357421
299.073050737381,1010375,-14.179900360107421
299.4045467376709,1011250,-14.196235847473144
299.73525881767273,1012250,-14.132493209838866
300.057240486145,1013250,-14.144510459899902
300.37529277801514,1014125,-14.189314079284667
300.7075936794281,1014750,-14.215275955200195
301.0390884876251,1016000,-14.154288482666015
301.3657410144806,1017000,-14.173195075988769
301.70938992500305,1017750,-14.19945068359375
302.03969383239746,1018750,-14.157929611206054
302.37017464637756,1019875,-14.214989852905273
302.705500125885,1020750,-14.22168846130371
303.02649188041687,1021750,-14.209403228759765
303.3587212562561,1022625,-14.194244575500488
303.68986988067627,1023125,-14.206240844726562
304.02464270591736,1024500,-14.242339324951171
304.354918718338,1025625,-14.145663452148437
304.6855103969574,1026500,-14.194276046752929
305.02696919441223,1027000,-14.243819427490234
305.3504180908203,1028250,-14.3016845703125
305.68238377571106,1028875,-14.24523468017578
306.0148513317108,1029875,-14.199794960021972
306.34662437438965,1031125,-14.200799179077148
306.67576837539673,1032000,-14.193271827697753
307.00736021995544,1033000,-14.202033233642577
307.32955527305603,1034125,-14.199159812927245
307.6612958908081,1034625,-14.231751632690429
307.99257731437683,1035500,-14.194431495666503
308.3238592147827,1036500,-14.20543975830078
308.6636703014374,1037750,-14.21651382446289
308.99618339538574,1038375,-14.248877716064452
309.3367290496826,1039500,-14.265673828125
309.665322303772,1040500,-14.28770179748535
309.98578786849976,1041500,-14.284442138671874
310.3111653327942,1042125,-14.325530242919921
310.64269399642944,1043375,-14.286111068725585
310.9748342037201,1044125,-14.261542510986327
311.30607175827026,1045250,-14.290757369995116
311.6474792957306,1046375,-14.285750579833984
311.96978735923767,1047250,-14.310742568969726
312.35111784935,1047875,-14.309815597534179
312.6759011745453,1049000,-14.276574325561523
313.0183997154236,1049875,-14.302449417114257
313.3505280017853,1051000,-14.307894897460937
313.6739490032196,1051875,-14.246731948852538
314.0051164627075,1052625,-14.347796630859374
314.3460741043091,1053500,-14.28199119567871
314.66720747947693,1054750,-14.268683624267577
314.995103597641,1055500,-14.289702606201171
315.3279392719269,1056250,-14.312941741943359
315.6595697402954,1057375,-14.248572540283202
315.9913649559021,1058500,-14.2987491607666
316.3253581523895,1059500,-14.271495056152343
316.6672468185425,1060250,-14.31314582824707
316.98126101493835,1061250,-14.328313064575195
317.3199384212494,1062250,-14.330397796630859
317.6614034175873,1063000,-14.387793731689452
317.9849944114685,1064250,-14.32233543395996
318.31622409820557,1065125,-14.34728546142578
318.6454207897186,1065750,-14.355868530273437
318.9764051437378,1066875,-14.344733428955077
319.30549120903015,1067875,-14.353779983520507
319.63628816604614,1068750,-14.350691986083984
319.9774491786957,1069625,-14.305178833007812
320.2962718009949,1070875,-14.34044952392578
320.62521171569824,1071750,-14.369677734375
320.95684003829956,1072625,-14.338236999511718
321.29090452194214,1072875,-14.365153503417968
321.6215305328369,1074375,-14.320767593383788
321.9619228839874,1075125,-14.342482757568359
322.2926731109619,1076375,-14.327134323120116
322.6175158023834,1077125,-14.3710147857666
322.9483642578125,1077875,-14.361647796630859
323.2801067829132,1078875,-14.392968368530273
323.6126754283905,1080125,-14.326310348510741
323.94679284095764,1080875,-14.302094650268554
324.2775454521179,1081875,-14.341830444335937
324.6097581386566,1082500,-14.330958557128906
324.94079208374023,1083875,-14.36187286376953
325.2839586734772,1084375,-14.367032241821288
325.6050593852997,1085750,-14.409600448608398
325.92638206481934,1086750,-14.372988891601562
326.2688961029053,1087375,-14.378050994873046
326.60428738594055,1088375,-14.342799377441406
326.9208447933197,1089500,-14.358082962036132
327.2530245780945,1090000,-14.326583099365234
327.59449648857117,1090750,-14.335726928710937
327.9175457954407,1092125,-14.346135330200195
328.2590308189392,1092875,-14.3313419342041
328.59036350250244,1093750,-14.302441787719726
328.9117658138275,1094875,-14.323069763183593
329.24693846702576,1095500,-14.313723754882812
329.59823513031006,1096750,-14.319970321655273
329.9211251735687,1097500,-14.325162124633788
330.24446845054626,1098250,-14.331242752075195
330.57456731796265,1099500,-14.339057159423827
330.9051718711853,1100250,-14.332804870605468
331.2357728481293,1101250,-14.382092666625976
331.5683434009552,1102000,-14.39020652770996
331.89971923828125,1102875,-14.381917190551757
332.23469853401184,1104500,-14.370280456542968
332.56627583503723,1105375,-14.365634155273437
332.8899483680725,1106000,-14.377682876586913
333.2209632396698,1106750,-14.43418617248535
333.5623152256012,1108250,-14.41869659423828
333.8833248615265,1108375,-14.390603256225585
334.21621561050415,1109750,-14.366305541992187
334.54731154441833,1110500,-14.398848724365234
334.8789086341858,1111750,-14.379128646850585
335.21180057525635,1112500,-14.434556198120116
335.53559279441833,1113125,-14.37353057861328
335.86567544937134,1114125,-14.47167510986328
336.1965391635895,1115125,-14.486041259765624
336.536865234375,1115750,-14.431033325195312
336.8649842739105,1117250,-14.449460220336913
337.1965718269348,1118250,-14.453482818603515
337.5289463996887,1118750,-14.466616821289062
337.86004304885864,1119875,-14.463427734375
338.191978931427,1120500,-14.453938674926757
338.5240499973297,1121875,-14.469174575805663
338.8458688259125,1122625,-14.432601165771484
339.18838763237,1123500,-14.431304168701171
339.5123031139374,1124250,-14.459902954101562
339.8541450500488,1125125,-14.478318405151366
340.1755805015564,1126375,-14.46221466064453
340.50604343414307,1127125,-14.501824569702148
340.83995819091797,1128125,-14.466746520996093
341.17180848121643,1128875,-14.469197463989257
341.50377774238586,1129875,-14.509703826904296
341.8385763168335,1130750,-14.49974365234375
342.1691930294037,1131875,-14.50307388305664
342.49989581108093,1132875,-14.433987808227538
342.8502559661865,1134000,-14.473880004882812
343.173228263855,1134875,-14.522189331054687
343.49485993385315,1135250,-14.490691375732421
343.81617045402527,1136000,-14.509331893920898
344.1506278514862,1137000,-14.478047561645507
344.48959255218506,1138375,-14.542782974243163
344.8209846019745,1139250,-14.531750869750976
345.1440486907959,1139875,-14.549132537841796
345.4770152568817,1140750,-14.553199005126952
345.8083701133728,1141750,-14.53892250061035
346.1461515426636,1142500,-14.554402542114257
346.4708251953125,1143500,-14.498048019409179
346.80589270591736,1144625,-14.543761444091796
347.14871406555176,1145750,-14.48936767578125
347.47882103919983,1146375,-14.50559730529785
347.8009707927704,1147125,-14.570805740356445
348.12555384635925,1148125,-14.487809371948241
348.45820116996765,1149000,-14.579680633544921
348.79002356529236,1149875,-14.566786956787109
349.12182807922363,1151250,-14.523049545288085
349.4659869670868,1151625,-14.572541427612304
349.7977783679962,1152875,-14.583127212524413
350.12137269973755,1153750,-14.571059417724609
350.45611810684204,1154500,-14.541415405273437
350.78426480293274,1155625,-14.561764907836913
351.115562915802,1156750,-14.572230529785156
351.44699263572693,1157500,-14.576750946044921
351.7687668800354,1158250,-14.566018295288085
352.1029951572418,1159375,-14.652585220336913
352.4348187446594,1160375,-14.565428924560546
352.7683136463165,1161125,-14.647153091430663
353.1004011631012,1161875,-14.650428009033202
353.43241477012634,1162875,-14.656993103027343
353.78446984291077,1163625,-14.682038497924804
354.10666942596436,1165000,-14.64771385192871
354.4293444156647,1165500,-14.676797103881835
354.7518846988678,1166500,-14.59645767211914
355.08411407470703,1167625,-14.63599510192871
355.4268672466278,1168375,-14.617041778564452
355.7484736442566,1169500,-14.584164810180663
356.0805423259735,1170000,-14.590365600585937
356.42244124412537,1171250,-14.607882690429687
356.74388098716736,1172125,-14.608262252807616
357.07659935951233,1173375,-14.639260482788085
357.40847420692444,1173750,-14.60083885192871
357.74007868766785,1174750,-14.610703659057616
358.0611186027527,1175625,-14.534476470947265
358.3944947719574,1176250,-14.6514102935791
358.72682070732117,1177500,-14.635190200805663
359.05985474586487,1178500,-14.632233810424804
359.394766330719,1179000,-14.673581314086913
359.7306432723999,1180375,-14.621173095703124
360.0565857887268,1180750,-14.548419189453124
360.3888237476349,1182250,-14.575673294067382
360.7198221683502,1183125,-14.616858673095702
361.052521944046,1183500,-14.602694702148437
361.3849902153015,1184875,-14.609000396728515
361.71693110466003,1185625,-14.607346725463866
362.04873991012573,1186875,-14.609292221069335
362.37286734580994,1187250,-14.599013519287109
362.71321749687195,1188125,-14.593072128295898
363.0345034599304,1189500,-14.599250030517577
363.38468885421753,1190000,-14.608931732177734
363.70677304267883,1191250,-14.629851531982421
364.02861404418945,1191625,-14.635644149780273
364.36951422691345,1192625,-14.607367706298827
364.7006587982178,1194000,-14.602824401855468
365.0227601528168,1194750,-14.661769104003906
365.3634970188141,1195375,-14.594262313842773
365.69491505622864,1196625,-14.599745941162109
366.0261507034302,1197125,-14.638207626342773
366.35865116119385,1198250,-14.676758956909179
366.6801128387451,1198875,-14.684638214111327
367.0222330093384,1199875,-14.684384536743163
367.3437383174896,1201250,-14.653044891357421
367.6755723953247,1201750,-14.598387908935546
368.0154399871826,1202625,-14.602992248535156
368.33644795417786,1203500,-14.663863372802734
368.6822953224182,1204250,-14.643668365478515
369.01183581352234,1205750,-14.665383529663085
369.3425977230072,1206500,-14.641635131835937
369.6640155315399,1207625,-14.692965698242187
370.0078492164612,1208500,-14.67867202758789
370.34119939804077,1209250,-14.715029907226562
370.6622326374054,1209875,-14.654896926879882
370.99375891685486,1210875,-14.704722595214843
371.3261823654175,1211750,-14.715983581542968
371.6484489440918,1212500,-14.778861236572265
371.97988271713257,1213250,-14.731644821166991
372.3118236064911,1214625,-14.752957534790038
372.6451404094696,1215125,-14.771928024291991
372.97684240341187,1216125,-14.767287445068359
373.30733489990234,1217250,-14.713662338256835
373.6291537284851,1218000,-14.76317901611328
373.98281836509705,1218875,-14.769917678833007
374.31010246276855,1220000,-14.719550323486327
374.6466693878174,1220875,-14.780331802368163
374.9704658985138,1221875,-14.729233932495116
375.30175137519836,1222375,-14.775017929077148
375.63190817832947,1223250,-14.755250167846679
375.9625036716461,1224125,-14.757964324951171
376.28464937210083,1225250,-14.729079437255859
376.6262230873108,1226250,-14.828030776977538
376.95766258239746,1227125,-14.772105407714843
377.2888331413269,1227750,-14.785542678833007
377.61738872528076,1229000,-14.703139495849609
377.9483563899994,1230000,-14.708535385131835
378.275851726532,1230625,-14.811101150512695
378.6170084476471,1231750,-14.781823348999023
378.9395942687988,1232625,-14.730452728271484
379.27098178863525,1233000,-14.721610260009765
379.60900115966797,1234000,-14.730435562133788
379.93490052223206,1235125,-14.728203964233398
380.267475605011,1236250,-14.753663253784179
380.59912610054016,1237125,-14.744755935668945
380.9311935901642,1237500,-14.724818420410156
381.26322054862976,1238375,-14.743275833129882
381.5958607196808,1239625,-14.733374786376952
381.93750047683716,1240375,-14.76467056274414
382.2758550643921,1241500,-14.7036563873291
382.6025233268738,1242375,-14.712727737426757
382.931489944458,1243125,-14.649132919311523
383.2614276409149,1243875,-14.733981323242187
383.58419585227966,1244625,-14.706559371948241
383.92879128456116,1245625,-14.735795211791991
384.25060200691223,1246750,-14.754054260253906
384.57333755493164,1247250,-14.764037322998046
384.90538597106934,1248250,-14.75721092224121
385.23910307884216,1249125,-14.7203800201416
385.57105565071106,1250250,-14.773863983154296
385.92192006111145,1251125,-14.741759490966796
386.24511528015137,1252125,-14.720988464355468
386.5669102668762,1252875,-14.742985916137695
386.8890061378479,1253750,-14.768464279174804
387.222549200058,1254375,-14.76524085998535
387.5519585609436,1255375,-14.740733337402343
387.8842225074768,1256500,-14.74108428955078
388.2163140773773,1257500,-14.75129051208496
388.54769825935364,1258000,-14.722199630737304
388.8899700641632,1259125,-14.742301177978515
389.2110764980316,1259750,-14.761094284057616
389.5424995422363,1260750,-14.759804916381835
389.8733549118042,1261875,-14.782290649414062
390.20737767219543,1262750,-14.758914184570312
390.5416717529297,1263625,-14.75755615234375
390.8610384464264,1264625,-14.769908142089843
391.194456577301,1265125,-14.798503112792968
391.5271031856537,1266000,-14.795315933227538
391.8592894077301,1267250,-14.798291397094726
392.19069266319275,1268000,-14.794295501708984
392.5234332084656,1268750,-14.800494384765624
392.85551714897156,1269625,-14.82506103515625
393.1875069141388,1270500,-14.84699363708496
393.53993558883667,1271750,-14.787846755981445
393.86470341682434,1272500,-14.862019729614257
394.1857979297638,1273125,-14.76729507446289
394.5170180797577,1274250,-14.807337951660156
394.8481721878052,1274750,-14.82980842590332
395.18110179901123,1276000,-14.827702713012695
395.51480770111084,1276750,-14.784491729736327
395.85509181022644,1277750,-14.857678604125976
396.17855644226074,1278500,-14.839478683471679
396.49978137016296,1279500,-14.810548019409179
396.82980465888977,1280250,-14.88768310546875
397.1608097553253,1281000,-14.874560546875
397.4937767982483,1281750,-14.888001632690429
397.8252182006836,1282750,-14.914626312255859
398.1567614078522,1283750,-14.924761962890624
398.48757815361023,1284500,-14.928710174560546
398.81897473335266,1285375,-14.970124435424804
399.14965200424194,1286375,-14.921807479858398
399.4816429615021,1287625,-14.893635940551757
399.81279253959656,1287875,-14.91541404724121
400.1369149684906,1289375,-14.906525802612304
400.47506618499756,1289750,-14.933291625976562
400.8060665130615,1290750,-14.943642807006835
401.13694858551025,1291750,-14.928702545166015
401.4676368236542,1292625,-14.98350830078125
401.79423356056213,1293250,-14.981597137451171
402.14547538757324,1294375,-14.910350036621093
402.4691319465637,1295125,-14.93003578186035
402.79194378852844,1296000,-14.922953796386718
403.1223442554474,1297000,-14.979449462890624
403.45450496673584,1298000,-14.988782119750976
403.7878952026367,1298750,-14.952376556396484
404.1194713115692,1299750,-14.918463897705077
404.44514870643616,1300625,-14.950810623168945
404.77744579315186,1301250,-14.957081985473632
405.1118516921997,1301875,-14.929410171508788
405.44411158561707,1302875,-14.938449096679687
405.77824568748474,1303875,-14.915988159179687
406.1102168560028,1305000,-14.975672912597656
406.4420666694641,1305375,-14.94686050415039
406.7638590335846,1306250,-14.978175354003906
407.09552931785583,1307500,-14.953015518188476
407.4289815425873,1308375,-14.979523849487304
407.77028369903564,1309250,-15.019471359252929
408.09242701530457,1309875,-14.91181297302246
408.42387866973877,1310500,-14.928816986083984
408.75752687454224,1311500,-14.957909774780273
409.0900843143463,1312875,-14.933051300048827
409.42093873023987,1313750,-14.93919677734375
409.75324869155884,1314750,-14.979369354248046
410.07608795166016,1315250,-14.980044555664062
410.40778613090515,1316250,-14.90186424255371
410.7429196834564,1317125,-15.006995391845702
411.08059000968933,1317875,-15.016579818725585
411.40357637405396,1318625,-15.002614212036132
411.73548674583435,1319500,-14.938710403442382
412.0663676261902,1320125,-14.991194915771484
412.3985993862152,1321375,-15.00211067199707
412.7308187484741,1322375,-15.037671279907226
413.0628607273102,1323375,-14.996001434326171
413.39342069625854,1323875,-14.973622512817382
413.7274217605591,1325000,-14.98744888305664
414.0585038661957,1325875,-14.947522354125976
414.39520955085754,1326250,-14.981578063964843
414.7264132499695,1327250,-14.960469436645507
415.05590653419495,1328000,-14.99838752746582
415.39761781692505,1329375,-15.014405441284179
415.71959471702576,1330000,-14.965169143676757
416.0630533695221,1330500,-15.007903289794921
416.38428115844727,1331875,-14.957478713989257
416.7170515060425,1332250,-14.978846740722656
417.03826117515564,1333625,-15.018546295166015
417.3715419769287,1334250,-14.989318084716796
417.7039632797241,1335000,-14.990042877197265
418.0350196361542,1336125,-15.012356948852538
418.3667480945587,1337125,-14.961953353881835
418.6905755996704,1337500,-15.005036544799804
419.021644115448,1338875,-15.000067901611327
419.3632583618164,1339375,-14.977753829956054
419.69574880599976,1340625,-15.03379554748535
420.02665424346924,1341250,-15.030314636230468
420.35861706733704,1341875,-15.044764709472656
420.6800847053528,1343000,-15.077262115478515
421.03170919418335,1344125,-15.1066104888916
421.3653304576874,1344625,-15.09887237548828
421.6865553855896,1345375,-15.027844619750976
422.0123164653778,1346375,-15.082377624511718
422.3421754837036,1347125,-15.0776798248291
422.674843788147,1348125,-15.051009368896484
423.006468296051,1349250,-15.062565994262695
423.33746671676636,1349625,-15.079411697387695
423.67022824287415,1351125,-15.010802459716796
423.9953193664551,1351500,-15.042008590698241
424.33752846717834,1352375,-15.041760635375976
424.6591885089874,1353375,-15.056637954711913
425.0003972053528,1354375,-15.070346069335937
425.3359270095825,1354875,-15.07334632873535
425.66719341278076,1355750,-15.010234069824218
425.9889962673187,1356750,-15.060610961914062
426.32025837898254,1357500,-15.021666717529296
426.6432807445526,1358250,-15.09301300048828
426.97536420822144,1359375,-15.045651626586913
427.3071813583374,1360500,-15.06238670349121
427.63846039772034,1361125,-15.08156509399414
427.97482228279114,1362000,-15.105717849731445
428.3072226047516,1362500,-15.064625930786132
428.62948393821716,1363625,-15.032498550415038
428.9607753753662,1364375,-15.023326110839843
429.3151159286499,1365375,-15.063571166992187
429.63684725761414,1366500,-15.04088897705078
429.95819449424744,1366875,-15.089932632446288
430.28953194618225,1367750,-15.06655044555664
430.62130904197693,1369000,-15.06480140686035
430.9529483318329,1369500,-15.08134765625
431.28555822372437,1370375,-15.103486251831054
431.61759543418884,1371125,-15.107007217407226
431.951504945755,1371875,-15.114934158325195
432.2729585170746,1373250,-15.097632598876952
432.61404037475586,1374000,-15.13329620361328
432.9392454624176,1374625,-15.133652877807616
433.26973390579224,1375875,-15.114630889892577
433.60054636001587,1376500,-15.150965881347656
433.93144965171814,1377500,-15.155701828002929
434.26334142684937,1378250,-15.157223892211913
434.5985870361328,1379250,-15.110409927368163
434.93063735961914,1379875,-15.195634078979491
435.2728841304779,1380500,-15.167636108398437
435.60565304756165,1382000,-15.183379364013671
435.9283354282379,1382625,-15.155141067504882
436.26015043258667,1383125,-15.198062133789062
436.5908863544464,1384250,-15.178193283081054
436.9141230583191,1384625,-15.148253631591796
437.245285987854,1385750,-15.17844886779785
437.57698011398315,1386500,-15.14011116027832
437.9085109233856,1387750,-15.181361389160156
438.2415313720703,1388375,-15.14960594177246
438.5842216014862,1389500,-15.113515090942382
438.9058496952057,1390500,-15.175276947021484
439.236775636673,1390750,-15.171511840820312
439.5599386692047,1391875,-15.164748382568359
439.8930571079254,1392500,-15.123173904418945
440.2239100933075,1393500,-15.173142623901366
440.55804657936096,1394375,-15.244849395751952
440.888986825943,1395375,-15.205947113037109
441.2195782661438,1396250,-15.234246444702148
441.5500590801239,1396875,-15.223738861083984
441.88037180900574,1397625,-15.237452697753906
442.213148355484,1398375,-15.238434982299804
442.5445988178253,1399375,-15.249663543701171
442.88354659080505,1400250,-15.237990570068359
443.209969997406,1401500,-15.264970016479491
443.5416097640991,1402125,-15.245114517211913
443.8654751777649,1402750,-15.266892623901366
444.20478987693787,1403625,-15.265298080444335
444.52876591682434,1404875,-15.245379638671874
444.85966968536377,1405000,-15.25177879333496
445.19221472740173,1406625,-15.275363159179687
445.53360295295715,1406875,-15.288998794555663
445.8694179058075,1408250,-15.25601692199707
446.19484996795654,1409000,-15.25546760559082
446.5169379711151,1409500,-15.295531463623046
446.8490753173828,1410375,-15.231869888305663
447.1929316520691,1411250,-15.290934753417968
447.5051007270813,1412250,-15.282485198974609
447.8592174053192,1412875,-15.27806396484375
448.18271112442017,1414000,-15.362765502929687
448.50381445884705,1415000,-15.296403121948241
448.83467626571655,1415750,-15.306729507446288
449.1661202907562,1416250,-15.276124191284179
449.49626994132996,1417500,-15.27122230529785
449.8377060890198,1418000,-15.280589294433593
450.1783332824707,1418750,-15.246522140502929
450.4999885559082,1420125,-15.298405838012695
450.8306920528412,1420750,-15.3176700592041
451.15144419670105,1421875,-15.3389102935791
451.48645520210266,1422500,-15.31552619934082
451.81941175460815,1423500,-15.278489303588866
452.1514105796814,1423875,-15.322886657714843
452.48213720321655,1424625,-15.367140960693359
452.81087017059326,1425500,-15.36783332824707
453.14624977111816,1426625,-15.392096710205077
453.46848249435425,1427125,-15.375073623657226
453.79931354522705,1428125,-15.330777359008788
454.1351809501648,1428875,-15.383609008789062
454.4654529094696,1430000,-15.377188873291015
454.7978427410126,1430500,-15.366635513305663
455.12921833992004,1431750,-15.343964767456054
455.46114134788513,1432625,-15.332030487060546
455.7942216396332,1433125,-15.360640716552734
456.11586928367615,1433875,-15.335808944702148
456.4481089115143,1435250,-15.360030364990234
456.78053879737854,1436000,-15.354760360717773
457.11366987228394,1436625,-15.38172264099121
457.4446020126343,1437250,-15.367863845825195
457.77560591697693,1438500,-15.393080902099609
458.1063561439514,1439250,-15.394377899169921
458.438716173172,1439875,-15.414200973510741
458.7701778411865,1441000,-15.294312667846679
459.1162257194519,1441625,-15.33088035583496
459.43864941596985,1442750,-15.357768249511718
459.7702624797821,1443375,-15.317593765258788
460.1018443107605,1443875,-15.347424697875976
460.44315910339355,1444625,-15.35113067626953
460.76593565940857,1446250,-15.367903900146484
461.08759784698486,1446375,-15.349946212768554
461.41992831230164,1447250,-15.336075973510741
461.752001285553,1448250,-15.284234237670898
462.08398389816284,1449125,-15.307631683349609
462.4163553714752,1449875,-15.385802459716796
462.7475264072418,1450750,-15.400735092163085
463.0782175064087,1451875,-15.40032501220703
463.4106442928314,1452375,-15.437096786499023
463.7514398097992,1453500,-15.45761604309082
464.07263588905334,1454125,-15.493645858764648
464.40380001068115,1455125,-15.46169204711914
464.73748898506165,1455875,-15.417132568359374
465.06850504875183,1456375,-15.47846336364746
465.39978218078613,1457375,-15.423106384277343
465.7324502468109,1458250,-15.475945663452148
466.06337451934814,1459500,-15.434567642211913
466.3954164981842,1460000,-15.435609054565429
466.7476189136505,1461000,-15.386168670654296
467.07268357276917,1461750,-15.37482566833496
467.3937120437622,1462750,-15.419547271728515
467.72573947906494,1463375,-15.456017684936523
468.0673656463623,1463875,-15.410695266723632
468.38930654525757,1464875,-15.437323760986327
468.7209372520447,1466250,-15.367396545410156
469.05246472358704,1466875,-15.39130516052246
469.38526940345764,1467875,-15.423817825317382
469.7126975059509,1468625,-15.40146369934082
470.0445010662079,1469000,-15.42726821899414
470.37669587135315,1470000,-15.457764816284179
470.69815492630005,1471000,-15.448228073120116
471.03185057640076,1471500,-15.450503540039062
471.36323738098145,1472250,-15.408635330200195
471.70457339286804,1473750,-15.460931015014648
472.0272891521454,1474000,-15.48350257873535
472.35961294174194,1474875,-15.512646865844726
472.69560503959656,1476000,-15.513726425170898
473.0278820991516,1477000,-15.46186180114746
473.3515045642853,1477250,-15.50246353149414
473.68248867988586,1478500,-15.453591537475585
474.01445484161377,1479375,-15.449696731567382
474.3568546772003,1480250,-15.46561164855957
474.6813454627991,1481000,-15.509907913208007
475.01296186447144,1481750,-15.454377365112304
475.33613872528076,1482750,-15.47234649658203
475.66780376434326,1483250,-15.515746307373046
476.00563883781433,1483875,-15.468978118896484
476.3387267589569,1484750,-15.500188064575195
476.6700403690338,1485500,-15.464253616333007
477.0052351951599,1486625,-15.494010162353515
477.3270335197449,1487375,-15.4904052734375
477.6592285633087,1488000,-15.534051132202148
477.9915130138397,1489000,-15.514052581787109
478.32909297943115,1489750,-15.440921020507812
478.6562373638153,1490500,-15.498463821411132
478.98701429367065,1491250,-15.510390472412109
479.31815552711487,1492625,-15.555731964111327
479.6505184173584,1493125,-15.505513381958007
479.98226857185364,1494000,-15.548413467407226
480.31341910362244,1495000,-15.518151473999023
480.64767932891846,1495875,-15.493361663818359
480.9781184196472,1496375,-15.484782409667968
481.30914998054504,1497250,-15.50485725402832
481.63033056259155,1498375,-15.53478546142578
481.9621014595032,1499125,-15.580508422851562
482.30709195137024,1499750,-15.507960510253906
482.6282916069031,1500750,-15.514283370971679
482.95956921577454,1501125,-15.490523529052734
483.29177165031433,1502500,-15.514764022827148
483.6245381832123,1502750,-15.484368515014648
483.95614075660706,1504125,-15.5138427734375
484.29773783683777,1504625,-15.529753875732421
484.6205177307129,1505500,-15.500037384033202
484.9452531337738,1506750,-15.544541549682616
485.27714943885803,1507250,-15.516957473754882
485.6088306903839,1508375,-15.548731994628906
485.9399199485779,1508750,-15.527154159545898
486.27433490753174,1509500,-15.537907791137695
486.6050148010254,1510250,-15.54048843383789
486.93700098991394,1511625,-15.499978256225585
487.2698459625244,1511875,-15.504412841796874
487.6133849620819,1512875,-15.581238937377929
487.9354066848755,1513625,-15.496554565429687
488.26613116264343,1514625,-15.511424255371093
488.59735321998596,1515750,-15.555886459350585
488.9220027923584,1516500,-15.577296447753906
489.2589542865753,1517125,-15.617295455932616
489.6045894622803,1518125,-15.599028778076171
489.92418003082275,1518625,-15.549479675292968
490.2506625652313,1519250,-15.540396881103515
490.58511233329773,1520125,-15.536427688598632
490.9047954082489,1520875,-15.543912124633788
491.24148869514465,1522375,-15.602849197387695
491.5749821662903,1523000,-15.558667373657226
491.90768933296204,1523625,-15.617089462280273
492.23454785346985,1524625,-15.573195648193359
492.5699043273926,1525000,-15.611087036132812
492.8996784687042,1525875,-15.618851852416991
493.23127031326294,1526750,-15.637644958496093
493.56236386299133,1527375,-15.565760803222656
493.8951268196106,1528625,-15.617217254638671
494.22938537597656,1529500,-15.584038925170898
494.56016087532043,1530000,-15.588494491577148
494.88296008110046,1530875,-15.595841598510741
495.2184591293335,1531875,-15.598773193359374
495.5523364543915,1532875,-15.58057518005371
495.88400411605835,1533500,-15.592736434936523
496.21389603614807,1534250,-15.610125732421874
496.5408709049225,1535250,-15.621367645263671
496.8746066093445,1535625,-15.598677825927734
497.20412850379944,1537000,-15.631121826171874
497.53983306884766,1537750,-15.632252883911132
497.86452984809875,1538125,-15.637990188598632
498.2042279243469,1539375,-15.6324893951416
498.5316195487976,1540000,-15.600922775268554
498.8568503856659,1540625,-15.650855255126952
499.1860249042511,1541750,-15.634267044067382
499.5246069431305,1542625,-15.663363647460937
499.8491175174713,1542875,-15.624810409545898
500.18622851371765,1544000,-15.598488998413085
500.5157325267792,1545125,-15.646180343627929
500.8485264778137,1545250,-15.622183990478515
501.1756763458252,1546125,-15.617226791381835
501.51680302619934,1547500,-15.64976806640625
501.8493926525116,1548000,-15.61252326965332
502.175315618515,1549000,-15.64257354736328
502.5101320743561,1550000,-15.675210189819335
502.8318796157837,1550250,-15.632329177856445
503.1819021701813,1551250,-15.702525329589843
503.50932931900024,1552375,-15.771205139160156
503.8313889503479,1553000,-15.713860702514648
504.1613132953644,1553875,-15.695695114135741
504.49972653388977,1554625,-15.714537811279296
504.8324439525604,1555250,-15.721486282348632
505.1633861064911,1556000,-15.666758728027343
505.4825165271759,1556875,-15.709595870971679
505.8182303905487,1557750,-15.719666671752929
506.14233136177063,1558375,-15.714986038208007
506.47688388824463,1559000,-15.718245697021484
506.81112456321716,1560125,-15.762252044677734
507.1431269645691,1561000,-15.782901000976562
507.4673013687134,1562000,-15.739621353149413
507.8111250400543,1562750,-15.697011184692382
508.1329345703125,1563625,-15.697112274169921
508.45889234542847,1563875,-15.701129150390624
508.79655289649963,1564750,-15.758475494384765
509.1234166622162,1565625,-15.714051437377929
509.4570198059082,1566750,-15.833268356323241
509.80357933044434,1567625,-15.777604293823241
510.12651324272156,1568500,-15.754594039916991
510.4558115005493,1569125,-15.78677864074707
510.7886474132538,1569875,-15.74686164855957
511.1142201423645,1570500,-15.74012107849121
511.4437267780304,1571500,-15.778025817871093
511.77995204925537,1572375,-15.739941787719726
512.1020615100861,1572875,-15.749741744995116
512.4418661594391,1573875,-15.74274559020996
512.773113489151,1574500,-15.757804107666015
513.1022176742554,1575625,-15.78758544921875
513.4337508678436,1575875,-15.788579177856445
513.7574162483215,1576875,-15.75030059814453
514.093555688858,1577750,-15.773404312133788
514.4261133670807,1578750,-15.783419799804687
514.7546472549438,1579250,-15.773617935180663
515.090164899826,1580375,-15.782754135131835
515.4210121631622,1581250,-15.804915618896484
515.748694896698,1582125,-15.813765716552734
516.0824127197266,1582750,-15.7711669921875
516.4105205535889,1583375,-15.805939865112304
516.748584985733,1584125,-15.831925582885741
517.0823621749878,1585250,-15.81014175415039
517.4095158576965,1585875,-15.809086990356445
517.7352819442749,1586625,-15.799321365356445
518.0687692165375,1587750,-15.827593994140624
518.4069089889526,1588125,-15.795163345336913
518.7375915050507,1589000,-15.836947631835937
519.0739858150482,1590000,-15.810544204711913
519.3972880840302,1590500,-15.853701782226562
519.7343344688416,1591875,-15.861436080932616
520.0594971179962,1592375,-15.820080947875976
520.3801929950714,1593000,-15.825162124633788
520.7123100757599,1593750,-15.833813858032226
521.0544555187225,1594625,-15.850251388549804
521.3808267116547,1595625,-15.773600769042968
521.7152788639069,1596375,-15.837250900268554
522.0399489402771,1597500,-15.785073471069335
522.3747978210449,1597625,-15.842826080322265
522.7037212848663,1598625,-15.817132186889648
523.042102098465,1599125,-15.813019943237304
523.3746852874756,1600375,-15.835501861572265
523.7045419216156,1601375,-15.779420089721679
524.036700963974,1601750,-15.81846923828125
524.367326259613,1602750,-15.832497787475585
524.6939537525177,1603500,-15.906020355224609
525.0267331600189,1604500,-15.86118049621582
525.3594605922699,1605000,-15.83616943359375
525.685973405838,1605625,-15.8727294921875
526.0238747596741,1606875,-15.830912780761718
526.3561737537384,1607375,-15.844178390502929
526.6858949661255,1608625,-15.92553253173828
527.0117554664612,1609375,-15.80818862915039
527.3425273895264,1609750,-15.826787185668945
527.6860907077789,1610625,-15.839287948608398
528.0125887393951,1611125,-15.884230804443359
528.3422584533691,1612500,-15.89362449645996
528.670511007309,1613250,-15.930064392089843
529.0005316734314,1613500,-15.841956329345702
529.3313920497894,1614625,-15.838736724853515
529.6561398506165,1615250,-15.854781341552734
529.9844505786896,1616375,-15.881751251220702
530.3213024139404,1616875,-15.895215225219726
530.6549963951111,1617500,-15.890954208374023
530.9876041412354,1618750,-15.943804931640624
531.3112750053406,1619125,-15.874732208251952
531.6426999568939,1620250,-15.898537826538085
531.9868423938751,1620875,-15.863318634033202
532.3245024681091,1621750,-15.89508934020996
532.6529040336609,1622875,-15.91426773071289
532.9733872413635,1623000,-15.891625595092773
533.3067409992218,1624000,-15.928586196899413
533.633682012558,1624625,-15.93970603942871
533.9674611091614,1625375,-15.925061416625976
534.2969317436218,1626250,-15.85489387512207
534.6234035491943,1627500,-15.955041122436523
534.9573183059692,1628000,-15.931487274169921
535.2859327793121,1628875,-15.944983673095702
535.6166865825653,1629625,-15.978682708740234
535.9526934623718,1630125,-15.919682693481445
536.2874600887299,1631125,-15.932833862304687
536.6255722045898,1632000,-15.98908348083496
536.9522140026093,1633000,-15.962048721313476
537.2894608974457,1634000,-15.955043029785156
537.6239848136902,1634500,-15.89961929321289
537.9519731998444,1635000,-15.945237350463866
538.2798550128937,1636250,-15.871669006347656
538.6109981536865,1636625,-15.90883560180664
538.9372334480286,1637750,-15.922827911376952
539.2720820903778,1638500,-15.930443954467773
539.601306438446,1639375,-15.936801147460937
539.9247016906738,1640250,-15.945485305786132
540.2595126628876,1640875,-15.901929092407226
540.5922327041626,1641375,-15.922719192504882
540.9250304698944,1642125,-15.896836471557616
541.254955291748,1643375,-15.939652633666991
541.5905010700226,1643750,-15.982606124877929
541.9372680187225,1644750,-15.938784790039062
542.2592658996582,1645750,-15.949826431274413
542.582193851471,1646625,-15.950646591186523
542.9086391925812,1647250,-15.971741867065429
543.2488667964935,1648250,-15.977261734008788
543.5724306106567,1648875,-15.990815353393554
543.9065794944763,1649250,-16.027550888061523
544.2486374378204,1650250,-15.995158386230468
544.582546710968,1650750,-15.963956069946288
544.9102027416229,1651500,-16.024289321899413
545.2347958087921,1652875,-15.931098175048827
545.5626857280731,1653625,-15.98606605529785
545.8901360034943,1654125,-15.994713973999023
546.2242648601532,1655125,-15.955565643310546
546.5595126152039,1655875,-16.057391357421874
546.8800919055939,1656500,-15.996901702880859
547.217271566391,1656875,-16.03065414428711
547.5511376857758,1658125,-16.01678581237793
547.8835341930389,1658875,-16.034999084472656
548.2070410251617,1659250,-15.986588668823241
548.5449600219727,1660250,-16.03789825439453
548.8809189796448,1661250,-15.98853416442871
549.203854560852,1661500,-16.037339401245116
549.5396690368652,1663000,-16.0060302734375
549.8714137077332,1663375,-16.046933364868163
550.1941170692444,1664125,-15.990626525878906
550.5314772129059,1664750,-16.028996658325195
550.8627717494965,1666000,-16.10754508972168
551.1953570842743,1666625,-16.00384063720703
551.5283606052399,1667250,-15.990445327758788
551.8575539588928,1668000,-16.03845329284668
552.1860525608063,1669250,-15.987973403930663
552.5220165252686,1670000,-16.055859756469726
552.8521468639374,1670750,-16.065915298461913
553.1861763000488,1671125,-16.05140037536621
553.5193159580231,1671750,-16.04872055053711
553.8478684425354,1673125,-16.0220157623291
554.1769342422485,1673250,-16.011220169067382
554.5120129585266,1674250,-16.05272216796875
554.842408657074,1674875,-16.073910903930663
555.1770224571228,1676125,-16.075123977661132
555.5052309036255,1676750,-16.054413986206054
555.8306005001068,1677625,-16.065665435791015
556.169596195221,1678375,-16.108561706542968
556.4999363422394,1679000,-16.16778106689453
556.8223211765289,1680000,-16.178851318359374
557.1548001766205,1680875,-16.156783294677734
557.4990634918213,1681250,-16.18086929321289
557.8112366199493,1682000,-16.09507484436035
558.1549324989319,1682625,-16.152184677124023
558.5053083896637,1683875,-16.11032028198242
558.8346121311188,1684750,-16.104861450195312
559.1546874046326,1685125,-16.073003005981445
559.4777426719666,1686000,-16.106782150268554
559.8152902126312,1686750,-16.148152542114257
560.1435809135437,1688125,-16.131053161621093
560.4900965690613,1688625,-16.086451721191406
560.8162806034088,1689500,-16.052104187011718
561.1327311992645,1690375,-16.053464126586913
561.4689722061157,1690375,-16.088372421264648
561.7970597743988,1691250,-16.05916519165039
562.133823633194,1692375,-16.02600975036621
562.4649748802185,1693125,-16.04173583984375
562.793543100357,1693625,-16.085713577270507
563.1248197555542,1694875,-16.114867401123046
563.468649148941,1695750,-16.146342468261718
563.7882089614868,1695875,-16.086119842529296
564.1143844127655,1696750,-16.134478759765624
564.4489734172821,1697375,-16.14277572631836
564.7797784805298,1698250,-16.156323623657226
565.1236038208008,1699375,-16.142764282226562
565.4514262676239,1699750,-16.182730865478515
565.7786359786987,1701125,-16.127433013916015
566.1004157066345,1701625,-16.13455123901367
566.4331386089325,1702000,-16.141444396972656
566.7692511081696,1702750,-16.113270950317382
567.1027979850769,1703375,-16.130896759033202
567.4360404014587,1704875,-16.072304916381835
567.7636542320251,1705125,-16.118703079223632
568.092521905899,1706625,-16.10484619140625
568.4290699958801,1707250,-16.146044921875
568.7557969093323,1707750,-16.177027893066406
569.0823202133179,1708250,-16.17147750854492
569.4202072620392,1709125,-16.176520538330077
569.7485845088959,1710375,-16.170760345458984
570.0830254554749,1711125,-16.234412384033202
570.416136264801,1712000,-16.193955612182616
570.7487900257111,1712375,-16.210135650634765
571.0931792259216,1712875,-16.20349235534668
571.4190039634705,1714000,-16.234425735473632
571.7374198436737,1714875,-16.183469009399413
572.075975894928,1715500,-16.19168586730957
572.404816865921,1716500,-16.128207397460937
572.7390015125275,1716875,-16.193976593017577
573.0725982189178,1717750,-16.20899314880371
573.3911669254303,1718500,-16.243109893798827
573.744078874588,1719125,-16.224658203125
574.0712287425995,1720000,-16.22113151550293
574.4049046039581,1720500,-16.235499572753906
574.7374360561371,1721125,-16.185254287719726
575.0609550476074,1722750,-16.198056411743163
575.3836545944214,1723250,-16.18238945007324
575.7173736095428,1724125,-16.233098220825195
576.0475490093231,1725000,-16.19813461303711
576.3739659786224,1725375,-16.242877197265624
576.7049746513367,1726250,-16.20577163696289
577.0438137054443,1727125,-16.247510147094726
577.3626279830933,1728000,-16.213519287109374
577.7047419548035,1728375,-16.234334182739257
578.0351169109344,1729125,-16.2231876373291
578.3669934272766,1729750,-16.20837516784668
578.6936612129211,1730750,-16.275458526611327
579.0282745361328,1731500,-16.266896438598632
579.3571865558624,1732375,-16.25668830871582
579.6953749656677,1733125,-16.25272102355957
580.019467830658,1734000,-16.28268928527832
580.3585228919983,1734750,-16.327859115600585
580.6862759590149,1735750,-16.256272506713866
581.0207405090332,1736375,-16.233138275146484
581.3495285511017,1737125,-16.236949157714843
581.6872463226318,1737500,-16.2689697265625
582.0119030475616,1738750,-16.25384063720703
582.3422901630402,1739000,-16.25880355834961
582.6751832962036,1740000,-16.313800048828124
583.0073020458221,1741000,-16.254201126098632
583.339123249054,1741500,-16.305411529541015
583.6739194393158,1742375,-16.336301040649413
584.0213124752045,1743375,-16.35074348449707
584.3421316146851,1743625,-16.35456962585449
584.6716029644012,1744625,-16.31501121520996
584.9898726940155,1745125,-16.307519149780273
585.3303990364075,1745875,-16.358483505249023
585.654867887497,1746750,-16.3337833404541
585.9900736808777,1747750,-16.300353240966796
586.3291261196136,1748125,-16.31328125
586.6549196243286,1749250,-16.314311218261718
586.9830341339111,1750125,-16.357182693481445
587.3166184425354,1750250,-16.344672393798827
587.6425492763519,1751250,-16.363837432861327
587.9877328872681,1752250,-16.36873550415039
588.3162288665771,1752875,-16.336754989624023
588.6341903209686,1753625,-16.30125160217285
588.9682905673981,1754000,-16.358571243286132
589.296804189682,1755250,-16.268166732788085
589.6391849517822,1755750,-16.320433807373046
589.9672005176544,1756375,-16.323350143432616
590.2993822097778,1757125,-16.36518783569336
590.6291556358337,1758125,-16.346190643310546
590.9639544487,1758750,-16.400050354003906
591.2897183895111,1759750,-16.388163757324218
591.6235527992249,1760250,-16.349955749511718
591.9553945064545,1761625,-16.35066909790039
592.2910561561584,1761625,-16.338513565063476
592.6235744953156,1762625,-16.376626205444335
592.9487342834473,1763875,-16.432803344726562
593.2815313339233,1764000,-16.406151962280273
593.6119220256805,1764750,-16.363949966430663
593.9361889362335,1765750,-16.424010467529296
594.2748260498047,1766375,-16.371806335449218
594.6032972335815,1767000,-16.440272521972656
594.9363460540771,1768000,-16.4423038482666
595.2641804218292,1769000,-16.456235122680663
595.6024882793427,1769250,-16.31469841003418
595.927928686142,1770125,-16.44521255493164
596.2751226425171,1771000,-16.395575714111327
596.6024966239929,1771875,-16.48104591369629
596.9265332221985,1772750,-16.37926788330078
597.2563133239746,1773375,-16.35871238708496
597.588624715805,1773750,-16.431155395507812
597.9221429824829,1774750,-16.431889724731445
598.2485196590424,1775375,-16.394633483886718
598.5828139781952,1776500,-16.442158889770507
598.9092402458191,1776875,-16.408017349243163
599.2374773025513,1777625,-16.460169982910156
599.5718629360199,1779000,-16.439274978637695
599.904643535614,1779625,-16.380835723876952
600.2409315109253,1780125,-16.38172836303711
600.5701422691345,1780875,-16.44385643005371
600.9047617912292,1781750,-16.437071990966796
601.234299659729,1782625,-16.444890213012695
601.558844089508,1782875,-16.406256866455077
601.8839581012726,1783750,-16.460286331176757
602.2175052165985,1784500,-16.4435245513916
602.5517508983612,1785250,-16.483069610595702
602.8851368427277,1786500,-16.447413635253906
603.217351436615,1787000,-16.44357223510742
603.5548527240753,1787625,-16.47261734008789
603.8866815567017,1788375,-16.484029006958007
604.2152354717255,1789500,-16.48512382507324
604.5403616428375,1790125,-16.505240631103515
604.8736979961395,1790375,-16.472192001342773
605.1937389373779,1791625,-16.442334365844726
605.534375667572,1791875,-16.510400009155273
605.8557548522949,1792625,-16.49093551635742
606.1938166618347,1794000,-16.513905715942382
606.5198504924774,1794375,-16.531798553466796
606.859808921814,1795375,-16.51210136413574
607.1861639022827,1796125,-16.485303115844726
607.5260379314423,1797000,-16.46654052734375
607.8587093353271,1797000,-16.474181365966796
608.1825082302094,1798250,-16.48072166442871
608.5099904537201,1798875,-16.49655647277832
608.8423781394958,1799875,-16.444407653808593
609.1761779785156,1800125,-16.511704635620116
609.5116136074066,1801250,-16.531253051757812
609.8415582180023,1802000,-16.530366134643554
610.1633951663971,1802750,-16.550404739379882
610.5039343833923,1803750,-16.49977035522461
610.8424427509308,1804375,-16.509085845947265
611.1745603084564,1805250,-16.51893730163574
611.5199382305145,1806000,-16.562043380737304
611.8433604240417,1806750,-16.561129760742187
612.1680657863617,1807125,-16.490245056152343
612.498973608017,1807625,-16.54035301208496
612.8288824558258,1808750,-16.54052848815918
613.155791759491,1809625,-16.50583381652832
613.4828963279724,1810375,-16.532294464111327
613.815203666687,1811125,-16.545815658569335
614.1496555805206,1811875,-16.552012634277343
614.4865126609802,1812500,-16.56741828918457
614.8083689212799,1813125,-16.577479553222656
615.1391212940216,1814000,-16.57557792663574
615.4653718471527,1814750,-16.542538833618163
615.7968220710754,1815500,-16.596711349487304
616.1379647254944,1815750,-16.54821319580078
616.4697940349579,1816750,-16.57421417236328
616.7944839000702,1817875,-16.579949569702148
617.1459467411041,1818250,-16.58340187072754
617.4672992229462,1819125,-16.587657165527343
617.794184923172,1819875,-16.570784759521484
618.1218664646149,1820875,-16.549267959594726
618.474413394928,1821500,-16.56257743835449
618.7965586185455,1822250,-16.596448135375976
619.117330789566,1822500,-16.589759063720702
619.4501178264618,1823625,-16.53633041381836
619.7754771709442,1824500,-16.578559112548827
620.1069164276123,1824750,-16.614588928222656
620.438348531723,1825875,-16.613700103759765
620.7799925804138,1826125,-16.651419830322265
621.110209941864,1826875,-16.616183471679687
621.4556646347046,1827750,-16.570609283447265
621.7839393615723,1828875,-16.569150161743163
622.1050138473511,1829375,-16.553736877441406
622.426433801651,1830250,-16.592873764038085
622.7581276893616,1830750,-16.651066970825195
623.0910859107971,1831375,-16.590636444091796
623.4231011867523,1832000,-16.560198974609374
623.7554321289062,1832875,-16.603766632080077
624.0964126586914,1833750,-16.561717224121093
624.4187922477722,1834750,-16.589970779418945
624.7501165866852,1835625,-16.6505558013916
625.0904598236084,1836250,-16.598300170898437
625.4211099147797,1836625,-16.623101425170898
625.7443380355835,1837750,-16.63196678161621
626.084921836853,1838000,-16.617564392089843
626.4056923389435,1839250,-16.63304443359375
626.737265586853,1839875,-16.621022415161132
627.070677280426,1840250,-16.604619216918945
627.4122335910797,1841250,-16.59411163330078
627.7340996265411,1842125,-16.61216468811035
628.0659558773041,1842875,-16.59621353149414
628.399641752243,1843500,-16.58210868835449
628.7211921215057,1844500,-16.651923370361327
629.0621922016144,1845125,-16.584897232055663
629.3933682441711,1845750,-16.668944549560546
629.7386553287506,1846625,-16.662106704711913
630.0697112083435,1847500,-16.659383010864257
630.3907001018524,1847625,-16.65027732849121
630.7118599414825,1848625,-16.685034942626952
631.0454180240631,1849750,-16.63838310241699
631.3772721290588,1850250,-16.646693420410156
631.7082216739655,1850750,-16.63302345275879
632.0395910739899,1851750,-16.677359771728515
632.3718998432159,1852000,-16.64886016845703
632.7141623497009,1853000,-16.621615600585937
633.037974357605,1854250,-16.62081069946289
633.3605005741119,1854500,-16.60458297729492
633.6954956054688,1855625,-16.644633483886718
634.0300042629242,1855625,-16.694810104370116
634.3587653636932,1857000,-16.665368270874023
634.6902379989624,1857875,-16.6926700592041
635.0232253074646,1858375,-16.660351943969726
635.3542280197144,1859125,-16.664529037475585
635.6848995685577,1859875,-16.680993270874023
636.0160069465637,1860250,-16.661122512817382
636.348691701889,1861500,-16.663716506958007
636.6706669330597,1862000,-16.67490119934082
637.0130937099457,1862625,-16.6659423828125
637.3441824913025,1863500,-16.63923759460449
637.677930355072,1864500,-16.637782287597656
638.008579492569,1864625,-16.68110008239746
638.3391759395599,1865750,-16.71455307006836
638.682779788971,1866250,-16.650397491455077
639.0053265094757,1867500,-16.634711456298827
639.3369307518005,1867875,-16.67158622741699
639.6584959030151,1868500,-16.66572494506836
639.991259098053,1869250,-16.67689437866211
640.3233580589294,1870375,-16.715371322631835
640.6538252830505,1870250,-16.731919479370116
640.9843513965607,1871125,-16.72985382080078
641.3169281482697,1871875,-16.791073989868163
641.6484439373016,1873000,-16.712691497802734
641.9792151451111,1873250,-16.721425247192382
642.3101108074188,1874500,-16.716292572021484
642.6421060562134,1875375,-16.711817932128906
642.9732277393341,1875500,-16.664746475219726
643.3037710189819,1876625,-16.686387252807616
643.6358158588409,1876750,-16.68322296142578
643.9694921970367,1878000,-16.67806930541992
644.3010926246643,1878875,-16.671393585205077
644.6323161125183,1879500,-16.711772155761718
644.9640684127808,1880375,-16.73978157043457
645.295168876648,1880875,-16.71547622680664
645.62610912323,1882000,-16.689458084106445
645.9578628540039,1882125,-16.70392723083496
646.2889378070831,1883375,-16.745242309570312
646.6216099262238,1883500,-16.774237823486327
646.9533045291901,1884750,-16.7801944732666
647.2848253250122,1885000,-16.68847198486328
647.615079164505,1886250,-16.71691436767578
647.9417226314545,1886500,-16.740103912353515
648.2744483947754,1887000,-16.753646087646484
648.6051986217499,1887875,-16.76608200073242
648.9370262622833,1888750,-16.789136123657226
649.2708353996277,1889375,-16.776385498046874
649.592054605484,1890500,-16.76878662109375
649.935182094574,1891125,-16.77073402404785
650.2752928733826,1892000,-16.753789138793945
650.5987319946289,1892750,-16.74398536682129
650.9208853244781,1893000,-16.792666625976562
651.2621037960052,1893750,-16.770056915283202
651.5846145153046,1895000,-16.742247772216796
651.9177751541138,1895000,-16.76109619140625
652.2490611076355,1896000,-16.789042663574218
652.5804376602173,1896750,-16.77386016845703
652.9114601612091,1897375,-16.80148239135742
653.2440123558044,1898625,-16.838677597045898
653.5747137069702,1899000,-16.810448837280273
653.9061908721924,1899375,-16.828360748291015
654.2375135421753,1900875,-16.8323184967041
654.5674641132355,1900875,-16.771693420410156
654.8949885368347,1901750,-16.793463897705077
655.2374103069305,1903000,-16.806964111328124
655.5680017471313,1903125,-16.82265968322754
655.900060415268,1904375,-16.84870834350586
656.2250714302063,1904750,-16.810586166381835
656.5576708316803,1905250,-16.838507843017577
656.9001319408417,1906250,-16.83173484802246
657.2325477600098,1906750,-16.836486053466796
657.5532205104828,1908000,-16.81349105834961
657.8859624862671,1908500,-16.87796516418457
658.2071106433868,1908750,-16.835793685913085
658.5589942932129,1909625,-16.855576705932616
658.8829433917999,1910250,-16.84252471923828
659.202526807785,1911625,-16.89487190246582
659.5346109867096,1912375,-16.922341537475585
659.8673725128174,1912500,-16.856370162963866
660.1951794624329,1912875,-16.88424606323242
660.5259258747101,1914250,-16.88429374694824
660.8569793701172,1915000,-16.821479034423827
661.1892395019531,1915625,-16.833007049560546
661.5208473205566,1916250,-16.89634437561035
661.852205991745,1917375,-16.87827033996582
662.1854736804962,1918000,-16.869471740722656
662.5174145698547,1918750,-16.864405822753906
662.8486557006836,1919250,-16.94979591369629
663.1802468299866,1920125,-16.891337585449218
663.5116505622864,1920250,-16.879052352905273
663.8442053794861,1921625,-16.90783233642578
664.1754355430603,1922250,-16.950667572021484
664.5067565441132,1922500,-16.919915390014648
664.8353633880615,1923500,-16.899052810668945
665.1673274040222,1923875,-16.913680267333984
665.4977185726166,1925125,-16.9005558013916
665.8282511234283,1925750,-16.913594436645507
666.1592605113983,1926250,-16.911990356445312
666.4923558235168,1927250,-16.946448516845702
666.8130915164948,1927625,-16.903611373901366
667.1440246105194,1928750,-16.94873161315918
667.4864990711212,1929125,-16.930100631713866
667.8097987174988,1929625,-16.898049545288085
668.1419367790222,1930500,-16.90680046081543
668.4840579032898,1931625,-16.921092224121093
668.8058621883392,1931875,-16.935967636108398
669.1402661800385,1933125,-16.97600860595703
669.4727251529694,1933625,-16.969332885742187
669.7947537899017,1934625,-16.932465744018554
670.1374912261963,1935000,-16.93797607421875
670.4644794464111,1935750,-16.920943450927734
670.7940118312836,1936625,-16.895642471313476
671.1266260147095,1937000,-16.935496520996093
671.4576768875122,1937875,-16.98013229370117
671.78977394104,1938250,-16.95662612915039
672.1225745677948,1939250,-16.885340881347656
672.4540088176727,1940000,-16.954718780517577
672.7845125198364,1940500,-16.955041122436523
673.1166877746582,1941125,-16.987511825561523
673.4482550621033,1942125,-16.968470764160156
673.7699003219604,1942625,-16.987302017211913
674.1052906513214,1943875,-16.97958106994629
674.4388477802277,1943875,-16.954901885986327
674.7698721885681,1944625,-16.99046630859375
675.1012411117554,1945625,-16.985924911499023
675.433699131012,1946125,-17.030652236938476
675.7579686641693,1947500,-17.00848503112793
676.0890846252441,1947500,-16.96822280883789
676.4414417743683,1948375,-16.95238037109375
676.7649073600769,1949125,-16.979293060302734
677.0857245922089,1950250,-17.004296493530273
677.4182660579681,1950500,-16.938842010498046
677.7455070018768,1951375,-16.993127059936523
678.0787909030914,1952375,-16.99940605163574
678.4157102108002,1953250,-17.03462142944336
678.7575137615204,1953375,-16.97848243713379
679.0806210041046,1954000,-17.071835708618163
679.4111993312836,1954750,-16.955203247070312
679.7357363700867,1955750,-16.987694931030273
680.0693991184235,1956625,-17.023543548583984
680.3999450206757,1957375,-17.09365577697754
680.7419638633728,1958000,-17.085835647583007
681.0638611316681,1958625,-17.029229354858398
681.395165681839,1959375,-17.072665405273437
681.7256059646606,1959625,-17.040530395507812
682.0567429065704,1960875,-17.045155715942382
682.3878781795502,1961250,-17.137171936035156
682.7189877033234,1961875,-17.078776550292968
683.042870759964,1962500,-17.092881393432616
683.3754539489746,1963375,-17.024766159057616
683.7067294120789,1964375,-17.08704490661621
684.0419518947601,1964750,-17.071471405029296
684.3720505237579,1965625,-17.04188461303711
684.7026474475861,1966125,-17.038857650756835
685.0344333648682,1967250,-17.050948333740234
685.3660213947296,1967250,-17.02004928588867
685.700443983078,1968250,-16.98821563720703
686.0316591262817,1968875,-17.07186050415039
686.3644599914551,1969375,-17.064248275756835
686.6957039833069,1970750,-17.117938232421874
687.0275204181671,1970875,-17.091302108764648
687.3589541912079,1971500,-17.105349731445312
687.6899900436401,1972500,-17.105326843261718
688.0208146572113,1973250,-17.13918991088867
688.354617357254,1973875,-17.123267364501952
688.6764440536499,1974500,-17.101750564575195
689.0186774730682,1975750,-17.10495491027832
689.3411545753479,1976500,-17.144141387939452
689.6746656894684,1977125,-17.144660186767577
690.0164375305176,1977250,-17.164914321899413
690.3381412029266,1978125,-17.149346542358398
690.6697227954865,1978875,-17.100787353515624
691.0131537914276,1979625,-17.218224716186523
691.3442597389221,1980250,-17.154893112182616
691.6663243770599,1981125,-17.129189682006835
691.9974644184113,1982000,-17.14448661804199
692.3314399719238,1982750,-17.143037033081054
692.6626472473145,1983625,-17.12351722717285
692.993825674057,1983625,-17.192393493652343
693.3162829875946,1984500,-17.134928894042968
693.6483631134033,1985250,-17.129157257080077
693.9796798229218,1986250,-17.142998886108398
694.3111302852631,1986625,-17.099768829345702
694.6427581310272,1987250,-17.126389694213866
694.9770600795746,1987750,-17.157162857055663
695.3085317611694,1988875,-17.137931060791015
695.6398830413818,1989250,-17.150183868408202
695.9672293663025,1989875,-17.169629287719726
696.2997260093689,1990750,-17.163233947753906
696.635124206543,1991500,-17.162135314941406
696.9665870666504,1991875,-17.188367080688476
697.2983911037445,1993125,-17.150904846191406
697.6298010349274,1994000,-17.25734062194824
697.9515805244446,1994375,-17.169879150390624
698.2817001342773,1995000,-17.184033584594726
698.6151649951935,1996125,-17.208014678955077
698.9561123847961,1996625,-17.16046257019043
699.2876937389374,1997500,-17.18382568359375
699.6090500354767,1998125,-17.197238159179687
699.9425826072693,1998375,-17.262891006469726
700.276360988617,1999250,-17.180411529541015
700.6016938686371,2000250,-17.241467666625976
